input	chunk	run	mode	raw_bytes	total_bytes	framing_bytes	payload_bytes	model_bytes	fold_bytes	encode_us	decode_us	ok
corpus_set/empty/empty.bin	0	0	fold	0	6	6	0	0	6	0	0	1
corpus_set/empty/empty.bin	0	0	order0	0	6	6	0	0	6	0	0	1
corpus_set/empty/empty.bin	0	0	order1_tok	0	6	6	0	0	6	0	0	1
corpus_set/empty/empty.bin	0	0	order1_byte	0	6	6	0	0	6	0	0	1
corpus_set/empty/empty.bin	0	0	context	0	6	6	0	0	6	1	0	1
corpus_set/empty/empty.bin	0	1	context	0	6	6	0	0	6	0	0	1
corpus_set/empty/empty.bin	0	2	context	0	6	6	0	0	6	0	0	1
corpus_set/precompressed/in.bin	0	0	fold	65536	70220	4949	65271	0	70220	0	0	1
corpus_set/precompressed/in.bin	0	0	order0	65536	69493	3754	65739	0	70220	0	0	1
corpus_set/precompressed/in.bin	0	0	order1_tok	65536	80808	3754	77054	0	70220	0	0	1
corpus_set/precompressed/in.bin	0	0	order1_byte	65536	66521	10	66511	0	70220	0	0	1
corpus_set/precompressed/in.bin	0	0	context	65536	81143	3758	77385	0	70220	224666	44528	1
corpus_set/precompressed/in.bin	0	1	context	65536	81143	3758	77385	0	70220	242230	42831	1
corpus_set/precompressed/in.bin	0	2	context	65536	81143	3758	77385	0	70220	230141	39718	1
corpus_set/precompressed/in.bin	1	0	fold	65536	70199	4924	65275	0	70199	0	0	1
corpus_set/precompressed/in.bin	1	0	order0	65536	69474	3734	65740	0	70199	0	0	1
corpus_set/precompressed/in.bin	1	0	order1_tok	65536	80810	3734	77076	0	70199	0	0	1
corpus_set/precompressed/in.bin	1	0	order1_byte	65536	66554	10	66544	0	70199	0	0	1
corpus_set/precompressed/in.bin	1	0	context	65536	81095	3738	77357	0	70199	217123	39456	1
corpus_set/precompressed/in.bin	1	1	context	65536	81095	3738	77357	0	70199	219007	38175	1
corpus_set/precompressed/in.bin	1	2	context	65536	81095	3738	77357	0	70199	217256	39407	1
corpus_set/precompressed/in.bin	2	0	fold	65536	70521	5279	65242	0	70521	0	0	1
corpus_set/precompressed/in.bin	2	0	order0	65536	69742	4018	65724	0	70521	0	0	1
corpus_set/precompressed/in.bin	2	0	order1_tok	65536	81245	4018	77227	0	70521	0	0	1
corpus_set/precompressed/in.bin	2	0	order1_byte	65536	66480	10	66470	0	70521	0	0	1
corpus_set/precompressed/in.bin	2	0	context	65536	81609	4022	77587	0	70521	237134	39983	1
corpus_set/precompressed/in.bin	2	1	context	65536	81609	4022	77587	0	70521	236980	39308	1
corpus_set/precompressed/in.bin	2	2	context	65536	81609	4022	77587	0	70521	232992	39677	1
corpus_set/precompressed/in.bin	3	0	fold	65536	70158	4879	65279	0	70158	0	0	1
corpus_set/precompressed/in.bin	3	0	order0	65536	69439	3698	65741	0	70158	0	0	1
corpus_set/precompressed/in.bin	3	0	order1_tok	65536	80702	3698	77004	0	70158	0	0	1
corpus_set/precompressed/in.bin	3	0	order1_byte	65536	66524	10	66514	0	70158	0	0	1
corpus_set/precompressed/in.bin	3	0	context	65536	80980	3702	77278	0	70158	224048	39188	1
corpus_set/precompressed/in.bin	3	1	context	65536	80980	3702	77278	0	70158	218092	38149	1
corpus_set/precompressed/in.bin	3	2	context	65536	80980	3702	77278	0	70158	218142	39531	1
corpus_set/precompressed/in.bin	4	0	fold	65536	70179	4904	65275	0	70179	0	0	1
corpus_set/precompressed/in.bin	4	0	order0	65536	69451	3718	65733	0	70179	0	0	1
corpus_set/precompressed/in.bin	4	0	order1_tok	65536	80736	3718	77018	0	70179	0	0	1
corpus_set/precompressed/in.bin	4	0	order1_byte	65536	66537	10	66527	0	70179	0	0	1
corpus_set/precompressed/in.bin	4	0	context	65536	81031	3722	77309	0	70179	219358	37387	1
corpus_set/precompressed/in.bin	4	1	context	65536	81031	3722	77309	0	70179	217590	39694	1
corpus_set/precompressed/in.bin	4	2	context	65536	81031	3722	77309	0	70179	216381	38166	1
corpus_set/precompressed/in.bin	5	0	fold	65536	70277	5014	65263	0	70277	0	0	1
corpus_set/precompressed/in.bin	5	0	order0	65536	69539	3806	65733	0	70277	0	0	1
corpus_set/precompressed/in.bin	5	0	order1_tok	65536	80892	3806	77086	0	70277	0	0	1
corpus_set/precompressed/in.bin	5	0	order1_byte	65536	66509	10	66499	0	70277	0	0	1
corpus_set/precompressed/in.bin	5	0	context	65536	81172	3810	77362	0	70277	222228	39940	1
corpus_set/precompressed/in.bin	5	1	context	65536	81172	3810	77362	0	70277	223394	41548	1
corpus_set/precompressed/in.bin	5	2	context	65536	81172	3810	77362	0	70277	227626	37555	1
corpus_set/precompressed/in.bin	6	0	fold	65536	70470	5214	65256	0	70470	0	0	1
corpus_set/precompressed/in.bin	6	0	order0	65536	69698	3966	65732	0	70470	0	0	1
corpus_set/precompressed/in.bin	6	0	order1_tok	65536	81197	3966	77231	0	70470	0	0	1
corpus_set/precompressed/in.bin	6	0	order1_byte	65536	66505	10	66495	0	70470	0	0	1
corpus_set/precompressed/in.bin	6	0	context	65536	81538	3970	77568	0	70470	234604	41809	1
corpus_set/precompressed/in.bin	6	1	context	65536	81538	3970	77568	0	70470	235074	41916	1
corpus_set/precompressed/in.bin	6	2	context	65536	81538	3970	77568	0	70470	233419	40241	1
corpus_set/precompressed/in.bin	7	0	fold	65536	70295	5034	65261	0	70295	0	0	1
corpus_set/precompressed/in.bin	7	0	order0	65536	69555	3822	65733	0	70295	0	0	1
corpus_set/precompressed/in.bin	7	0	order1_tok	65536	80921	3822	77099	0	70295	0	0	1
corpus_set/precompressed/in.bin	7	0	order1_byte	65536	66508	10	66498	0	70295	0	0	1
corpus_set/precompressed/in.bin	7	0	context	65536	81237	3826	77411	0	70295	206427	38461	1
corpus_set/precompressed/in.bin	7	1	context	65536	81237	3826	77411	0	70295	208916	38903	1
corpus_set/precompressed/in.bin	7	2	context	65536	81237	3826	77411	0	70295	206502	38327	1
corpus_set/precompressed/in.bin	8	0	fold	65536	70537	5274	65263	0	70537	0	0	1
corpus_set/precompressed/in.bin	8	0	order0	65536	69749	4014	65735	0	70537	0	0	1
corpus_set/precompressed/in.bin	8	0	order1_tok	65536	81252	4014	77238	0	70537	0	0	1
corpus_set/precompressed/in.bin	8	0	order1_byte	65536	66459	10	66449	0	70537	0	0	1
corpus_set/precompressed/in.bin	8	0	context	65536	81602	4018	77584	0	70537	238036	40997	1
corpus_set/precompressed/in.bin	8	1	context	65536	81602	4018	77584	0	70537	233101	43505	1
corpus_set/precompressed/in.bin	8	2	context	65536	81602	4018	77584	0	70537	235964	39203	1
corpus_set/precompressed/in.bin	9	0	fold	65536	70156	4864	65292	0	70156	0	0	1
corpus_set/precompressed/in.bin	9	0	order0	65536	69435	3686	65749	0	70156	0	0	1
corpus_set/precompressed/in.bin	9	0	order1_tok	65536	80711	3686	77025	0	70156	0	0	1
corpus_set/precompressed/in.bin	9	0	order1_byte	65536	66538	10	66528	0	70156	0	0	1
corpus_set/precompressed/in.bin	9	0	context	65536	81003	3690	77313	0	70156	218954	38539	1
corpus_set/precompressed/in.bin	9	1	context	65536	81003	3690	77313	0	70156	215415	38839	1
corpus_set/precompressed/in.bin	9	2	context	65536	81003	3690	77313	0	70156	221714	38882	1
corpus_set/precompressed/in.bin	10	0	fold	65536	70358	5104	65254	0	70358	0	0	1
corpus_set/precompressed/in.bin	10	0	order0	65536	69606	3878	65728	0	70358	0	0	1
corpus_set/precompressed/in.bin	10	0	order1_tok	65536	81004	3878	77126	0	70358	0	0	1
corpus_set/precompressed/in.bin	10	0	order1_byte	65536	66487	10	66477	0	70358	0	0	1
corpus_set/precompressed/in.bin	10	0	context	65536	81310	3882	77428	0	70358	229900	40768	1
corpus_set/precompressed/in.bin	10	1	context	65536	81310	3882	77428	0	70358	230165	41136	1
corpus_set/precompressed/in.bin	10	2	context	65536	81310	3882	77428	0	70358	232170	42369	1
corpus_set/precompressed/in.bin	11	0	fold	65536	70316	5044	65272	0	70316	0	0	1
corpus_set/precompressed/in.bin	11	0	order0	65536	69569	3830	65739	0	70316	0	0	1
corpus_set/precompressed/in.bin	11	0	order1_tok	65536	80936	3830	77106	0	70316	0	0	1
corpus_set/precompressed/in.bin	11	0	order1_byte	65536	66495	10	66485	0	70316	0	0	1
corpus_set/precompressed/in.bin	11	0	context	65536	81254	3834	77420	0	70316	224955	38226	1
corpus_set/precompressed/in.bin	11	1	context	65536	81254	3834	77420	0	70316	210208	38616	1
corpus_set/precompressed/in.bin	11	2	context	65536	81254	3834	77420	0	70316	208319	36479	1
corpus_set/precompressed/in.bin	12	0	fold	65536	70295	5029	65266	0	70295	0	0	1
corpus_set/precompressed/in.bin	12	0	order0	65536	69554	3818	65736	0	70295	0	0	1
corpus_set/precompressed/in.bin	12	0	order1_tok	65536	80911	3818	77093	0	70295	0	0	1
corpus_set/precompressed/in.bin	12	0	order1_byte	65536	66493	10	66483	0	70295	0	0	1
corpus_set/precompressed/in.bin	12	0	context	65536	81252	3822	77430	0	70295	205686	35983	1
corpus_set/precompressed/in.bin	12	1	context	65536	81252	3822	77430	0	70295	211325	36163	1
corpus_set/precompressed/in.bin	12	2	context	65536	81252	3822	77430	0	70295	204430	39156	1
corpus_set/precompressed/in.bin	13	0	fold	65536	70152	4869	65283	0	70152	0	0	1
corpus_set/precompressed/in.bin	13	0	order0	65536	69430	3690	65740	0	70152	0	0	1
corpus_set/precompressed/in.bin	13	0	order1_tok	65536	80678	3690	76988	0	70152	0	0	1
corpus_set/precompressed/in.bin	13	0	order1_byte	65536	66514	10	66504	0	70152	0	0	1
corpus_set/precompressed/in.bin	13	0	context	65536	80986	3694	77292	0	70152	200602	39906	1
corpus_set/precompressed/in.bin	13	1	context	65536	80986	3694	77292	0	70152	204370	36332	1
corpus_set/precompressed/in.bin	13	2	context	65536	80986	3694	77292	0	70152	200378	38402	1
corpus_set/precompressed/in.bin	14	0	fold	65536	70232	4949	65283	0	70232	0	0	1
corpus_set/precompressed/in.bin	14	0	order0	65536	69498	3754	65744	0	70232	0	0	1
corpus_set/precompressed/in.bin	14	0	order1_tok	65536	80812	3754	77058	0	70232	0	0	1
corpus_set/precompressed/in.bin	14	0	order1_byte	65536	66512	10	66502	0	70232	0	0	1
corpus_set/precompressed/in.bin	14	0	context	65536	81149	3758	77391	0	70232	201958	40691	1
corpus_set/precompressed/in.bin	14	1	context	65536	81149	3758	77391	0	70232	203099	36284	1
corpus_set/precompressed/in.bin	14	2	context	65536	81149	3758	77391	0	70232	205450	37162	1
corpus_set/precompressed/in.bin	15	0	fold	65536	70354	5094	65260	0	70354	0	0	1
corpus_set/precompressed/in.bin	15	0	order0	65536	69595	3870	65725	0	70354	0	0	1
corpus_set/precompressed/in.bin	15	0	order1_tok	65536	80968	3870	77098	0	70354	0	0	1
corpus_set/precompressed/in.bin	15	0	order1_byte	65536	66495	10	66485	0	70354	0	0	1
corpus_set/precompressed/in.bin	15	0	context	65536	81313	3874	77439	0	70354	210931	38620	1
corpus_set/precompressed/in.bin	15	1	context	65536	81313	3874	77439	0	70354	212013	38652	1
corpus_set/precompressed/in.bin	15	2	context	65536	81313	3874	77439	0	70354	208626	39827	1
corpus_set/precompressed/z.zst	0	0	fold	65536	70225	4954	65271	0	70225	0	0	1
corpus_set/precompressed/z.zst	0	0	order0	65536	69496	3758	65738	0	70225	0	0	1
corpus_set/precompressed/z.zst	0	0	order1_tok	65536	80815	3758	77057	0	70225	0	0	1
corpus_set/precompressed/z.zst	0	0	order1_byte	65536	66520	10	66510	0	70225	0	0	1
corpus_set/precompressed/z.zst	0	0	context	65536	81142	3762	77380	0	70225	203107	35762	1
corpus_set/precompressed/z.zst	0	1	context	65536	81142	3762	77380	0	70225	203529	35585	1
corpus_set/precompressed/z.zst	0	2	context	65536	81142	3762	77380	0	70225	201249	35924	1
corpus_set/precompressed/z.zst	1	0	fold	65536	70199	4924	65275	0	70199	0	0	1
corpus_set/precompressed/z.zst	1	0	order0	65536	69475	3734	65741	0	70199	0	0	1
corpus_set/precompressed/z.zst	1	0	order1_tok	65536	80808	3734	77074	0	70199	0	0	1
corpus_set/precompressed/z.zst	1	0	order1_byte	65536	66555	10	66545	0	70199	0	0	1
corpus_set/precompressed/z.zst	1	0	context	65536	81095	3738	77357	0	70199	199332	38534	1
corpus_set/precompressed/z.zst	1	1	context	65536	81095	3738	77357	0	70199	204656	38188	1
corpus_set/precompressed/z.zst	1	2	context	65536	81095	3738	77357	0	70199	205595	38519	1
corpus_set/precompressed/z.zst	2	0	fold	65536	70520	5279	65241	0	70520	0	0	1
corpus_set/precompressed/z.zst	2	0	order0	65536	69742	4018	65724	0	70520	0	0	1
corpus_set/precompressed/z.zst	2	0	order1_tok	65536	81246	4018	77228	0	70520	0	0	1
corpus_set/precompressed/z.zst	2	0	order1_byte	65536	66480	10	66470	0	70520	0	0	1
corpus_set/precompressed/z.zst	2	0	context	65536	81608	4022	77586	0	70520	213258	40418	1
corpus_set/precompressed/z.zst	2	1	context	65536	81608	4022	77586	0	70520	216396	40461	1
corpus_set/precompressed/z.zst	2	2	context	65536	81608	4022	77586	0	70520	215247	41509	1
corpus_set/precompressed/z.zst	3	0	fold	65536	70139	4859	65280	0	70139	0	0	1
corpus_set/precompressed/z.zst	3	0	order0	65536	69423	3682	65741	0	70139	0	0	1
corpus_set/precompressed/z.zst	3	0	order1_tok	65536	80666	3682	76984	0	70139	0	0	1
corpus_set/precompressed/z.zst	3	0	order1_byte	65536	66524	10	66514	0	70139	0	0	1
corpus_set/precompressed/z.zst	3	0	context	65536	80956	3686	77270	0	70139	201718	38506	1
corpus_set/precompressed/z.zst	3	1	context	65536	80956	3686	77270	0	70139	196203	37153	1
corpus_set/precompressed/z.zst	3	2	context	65536	80956	3686	77270	0	70139	204922	36113	1
corpus_set/precompressed/z.zst	4	0	fold	65536	70179	4904	65275	0	70179	0	0	1
corpus_set/precompressed/z.zst	4	0	order0	65536	69451	3718	65733	0	70179	0	0	1
corpus_set/precompressed/z.zst	4	0	order1_tok	65536	80736	3718	77018	0	70179	0	0	1
corpus_set/precompressed/z.zst	4	0	order1_byte	65536	66537	10	66527	0	70179	0	0	1
corpus_set/precompressed/z.zst	4	0	context	65536	81030	3722	77308	0	70179	200303	37335	1
corpus_set/precompressed/z.zst	4	1	context	65536	81030	3722	77308	0	70179	200743	37575	1
corpus_set/precompressed/z.zst	4	2	context	65536	81030	3722	77308	0	70179	202252	37120	1
corpus_set/precompressed/z.zst	5	0	fold	65536	70276	5014	65262	0	70276	0	0	1
corpus_set/precompressed/z.zst	5	0	order0	65536	69538	3806	65732	0	70276	0	0	1
corpus_set/precompressed/z.zst	5	0	order1_tok	65536	80885	3806	77079	0	70276	0	0	1
corpus_set/precompressed/z.zst	5	0	order1_byte	65536	66508	10	66498	0	70276	0	0	1
corpus_set/precompressed/z.zst	5	0	context	65536	81171	3810	77361	0	70276	205256	38591	1
corpus_set/precompressed/z.zst	5	1	context	65536	81171	3810	77361	0	70276	203009	35921	1
corpus_set/precompressed/z.zst	5	2	context	65536	81171	3810	77361	0	70276	206128	38853	1
corpus_set/precompressed/z.zst	6	0	fold	65536	70465	5209	65256	0	70465	0	0	1
corpus_set/precompressed/z.zst	6	0	order0	65536	69694	3962	65732	0	70465	0	0	1
corpus_set/precompressed/z.zst	6	0	order1_tok	65536	81188	3962	77226	0	70465	0	0	1
corpus_set/precompressed/z.zst	6	0	order1_byte	65536	66505	10	66495	0	70465	0	0	1
corpus_set/precompressed/z.zst	6	0	context	65536	81528	3966	77562	0	70465	212952	37170	1
corpus_set/precompressed/z.zst	6	1	context	65536	81528	3966	77562	0	70465	219859	40245	1
corpus_set/precompressed/z.zst	6	2	context	65536	81528	3966	77562	0	70465	212666	40249	1
corpus_set/precompressed/z.zst	7	0	fold	65536	70286	5024	65262	0	70286	0	0	1
corpus_set/precompressed/z.zst	7	0	order0	65536	69547	3814	65733	0	70286	0	0	1
corpus_set/precompressed/z.zst	7	0	order1_tok	65536	80903	3814	77089	0	70286	0	0	1
corpus_set/precompressed/z.zst	7	0	order1_byte	65536	66509	10	66499	0	70286	0	0	1
corpus_set/precompressed/z.zst	7	0	context	65536	81218	3818	77400	0	70286	208027	39897	1
corpus_set/precompressed/z.zst	7	1	context	65536	81218	3818	77400	0	70286	207179	39036	1
corpus_set/precompressed/z.zst	7	2	context	65536	81218	3818	77400	0	70286	205246	36785	1
corpus_set/precompressed/z.zst	8	0	fold	65536	70537	5274	65263	0	70537	0	0	1
corpus_set/precompressed/z.zst	8	0	order0	65536	69749	4014	65735	0	70537	0	0	1
corpus_set/precompressed/z.zst	8	0	order1_tok	65536	81249	4014	77235	0	70537	0	0	1
corpus_set/precompressed/z.zst	8	0	order1_byte	65536	66459	10	66449	0	70537	0	0	1
corpus_set/precompressed/z.zst	8	0	context	65536	81600	4018	77582	0	70537	215385	37908	1
corpus_set/precompressed/z.zst	8	1	context	65536	81600	4018	77582	0	70537	218533	38663	1
corpus_set/precompressed/z.zst	8	2	context	65536	81600	4018	77582	0	70537	214339	39738	1
corpus_set/precompressed/z.zst	9	0	fold	65536	70156	4864	65292	0	70156	0	0	1
corpus_set/precompressed/z.zst	9	0	order0	65536	69436	3686	65750	0	70156	0	0	1
corpus_set/precompressed/z.zst	9	0	order1_tok	65536	80716	3686	77030	0	70156	0	0	1
corpus_set/precompressed/z.zst	9	0	order1_byte	65536	66537	10	66527	0	70156	0	0	1
corpus_set/precompressed/z.zst	9	0	context	65536	81005	3690	77315	0	70156	204553	38337	1
corpus_set/precompressed/z.zst	9	1	context	65536	81005	3690	77315	0	70156	200233	36599	1
corpus_set/precompressed/z.zst	9	2	context	65536	81005	3690	77315	0	70156	199902	36341	1
corpus_set/precompressed/z.zst	10	0	fold	65536	70353	5099	65254	0	70353	0	0	1
corpus_set/precompressed/z.zst	10	0	order0	65536	69602	3874	65728	0	70353	0	0	1
corpus_set/precompressed/z.zst	10	0	order1_tok	65536	80990	3874	77116	0	70353	0	0	1
corpus_set/precompressed/z.zst	10	0	order1_byte	65536	66487	10	66477	0	70353	0	0	1
corpus_set/precompressed/z.zst	10	0	context	65536	81312	3878	77434	0	70353	213013	39259	1
corpus_set/precompressed/z.zst	10	1	context	65536	81312	3878	77434	0	70353	207915	40345	1
corpus_set/precompressed/z.zst	10	2	context	65536	81312	3878	77434	0	70353	206371	39885	1
corpus_set/precompressed/z.zst	11	0	fold	65536	70320	5049	65271	0	70320	0	0	1
corpus_set/precompressed/z.zst	11	0	order0	65536	69573	3834	65739	0	70320	0	0	1
corpus_set/precompressed/z.zst	11	0	order1_tok	65536	80939	3834	77105	0	70320	0	0	1
corpus_set/precompressed/z.zst	11	0	order1_byte	65536	66494	10	66484	0	70320	0	0	1
corpus_set/precompressed/z.zst	11	0	context	65536	81257	3838	77419	0	70320	205369	37646	1
corpus_set/precompressed/z.zst	11	1	context	65536	81257	3838	77419	0	70320	208982	36704	1
corpus_set/precompressed/z.zst	11	2	context	65536	81257	3838	77419	0	70320	213946	34575	1
corpus_set/precompressed/z.zst	12	0	fold	65536	70296	5029	65267	0	70296	0	0	1
corpus_set/precompressed/z.zst	12	0	order0	65536	69555	3818	65737	0	70296	0	0	1
corpus_set/precompressed/z.zst	12	0	order1_tok	65536	80912	3818	77094	0	70296	0	0	1
corpus_set/precompressed/z.zst	12	0	order1_byte	65536	66492	10	66482	0	70296	0	0	1
corpus_set/precompressed/z.zst	12	0	context	65536	81240	3822	77418	0	70296	219561	37313	1
corpus_set/precompressed/z.zst	12	1	context	65536	81240	3822	77418	0	70296	217852	36844	1
corpus_set/precompressed/z.zst	12	2	context	65536	81240	3822	77418	0	70296	218190	39069	1
corpus_set/precompressed/z.zst	13	0	fold	65536	70152	4869	65283	0	70152	0	0	1
corpus_set/precompressed/z.zst	13	0	order0	65536	69430	3690	65740	0	70152	0	0	1
corpus_set/precompressed/z.zst	13	0	order1_tok	65536	80678	3690	76988	0	70152	0	0	1
corpus_set/precompressed/z.zst	13	0	order1_byte	65536	66513	10	66503	0	70152	0	0	1
corpus_set/precompressed/z.zst	13	0	context	65536	80992	3694	77298	0	70152	207808	36233	1
corpus_set/precompressed/z.zst	13	1	context	65536	80992	3694	77298	0	70152	217201	33959	1
corpus_set/precompressed/z.zst	13	2	context	65536	80992	3694	77298	0	70152	216818	39951	1
corpus_set/precompressed/z.zst	14	0	fold	65536	70232	4949	65283	0	70232	0	0	1
corpus_set/precompressed/z.zst	14	0	order0	65536	69498	3754	65744	0	70232	0	0	1
corpus_set/precompressed/z.zst	14	0	order1_tok	65536	80812	3754	77058	0	70232	0	0	1
corpus_set/precompressed/z.zst	14	0	order1_byte	65536	66512	10	66502	0	70232	0	0	1
corpus_set/precompressed/z.zst	14	0	context	65536	81148	3758	77390	0	70232	211842	36871	1
corpus_set/precompressed/z.zst	14	1	context	65536	81148	3758	77390	0	70232	219230	39340	1
corpus_set/precompressed/z.zst	14	2	context	65536	81148	3758	77390	0	70232	215516	36518	1
corpus_set/precompressed/z.zst	15	0	fold	65536	70348	5089	65259	0	70348	0	0	1
corpus_set/precompressed/z.zst	15	0	order0	65536	69590	3866	65724	0	70348	0	0	1
corpus_set/precompressed/z.zst	15	0	order1_tok	65536	80964	3866	77098	0	70348	0	0	1
corpus_set/precompressed/z.zst	15	0	order1_byte	65536	66496	10	66486	0	70348	0	0	1
corpus_set/precompressed/z.zst	15	0	context	65536	81301	3870	77431	0	70348	224038	38605	1
corpus_set/precompressed/z.zst	15	1	context	65536	81301	3870	77431	0	70348	207970	37063	1
corpus_set/precompressed/z.zst	15	2	context	65536	81301	3870	77431	0	70348	206111	38092	1
corpus_set/precompressed/z.zst	16	0	fold	37	297	274	23	0	297	0	0	1
corpus_set/precompressed/z.zst	16	0	order0	37	55	14	41	0	297	0	0	1
corpus_set/precompressed/z.zst	16	0	order1_tok	37	56	14	42	0	297	0	0	1
corpus_set/precompressed/z.zst	16	0	order1_byte	37	52	10	42	0	297	0	0	1
corpus_set/precompressed/z.zst	16	0	context	37	60	18	42	0	297	970	687	1
corpus_set/precompressed/z.zst	16	1	context	37	60	18	42	0	297	830	684	1
corpus_set/precompressed/z.zst	16	2	context	37	60	18	42	0	297	679	661	1
corpus_set/random/random.bin	0	0	fold	65536	70220	4949	65271	0	70220	0	0	1
corpus_set/random/random.bin	0	0	order0	65536	69493	3754	65739	0	70220	0	0	1
corpus_set/random/random.bin	0	0	order1_tok	65536	80808	3754	77054	0	70220	0	0	1
corpus_set/random/random.bin	0	0	order1_byte	65536	66521	10	66511	0	70220	0	0	1
corpus_set/random/random.bin	0	0	context	65536	81143	3758	77385	0	70220	195967	34269	1
corpus_set/random/random.bin	0	1	context	65536	81143	3758	77385	0	70220	204796	35417	1
corpus_set/random/random.bin	0	2	context	65536	81143	3758	77385	0	70220	203267	34334	1
corpus_set/random/random.bin	1	0	fold	65536	70199	4924	65275	0	70199	0	0	1
corpus_set/random/random.bin	1	0	order0	65536	69474	3734	65740	0	70199	0	0	1
corpus_set/random/random.bin	1	0	order1_tok	65536	80810	3734	77076	0	70199	0	0	1
corpus_set/random/random.bin	1	0	order1_byte	65536	66554	10	66544	0	70199	0	0	1
corpus_set/random/random.bin	1	0	context	65536	81095	3738	77357	0	70199	201426	37081	1
corpus_set/random/random.bin	1	1	context	65536	81095	3738	77357	0	70199	198378	37441	1
corpus_set/random/random.bin	1	2	context	65536	81095	3738	77357	0	70199	199521	35765	1
corpus_set/random/random.bin	2	0	fold	65536	70521	5279	65242	0	70521	0	0	1
corpus_set/random/random.bin	2	0	order0	65536	69742	4018	65724	0	70521	0	0	1
corpus_set/random/random.bin	2	0	order1_tok	65536	81245	4018	77227	0	70521	0	0	1
corpus_set/random/random.bin	2	0	order1_byte	65536	66480	10	66470	0	70521	0	0	1
corpus_set/random/random.bin	2	0	context	65536	81609	4022	77587	0	70521	213376	37157	1
corpus_set/random/random.bin	2	1	context	65536	81609	4022	77587	0	70521	212131	39197	1
corpus_set/random/random.bin	2	2	context	65536	81609	4022	77587	0	70521	212612	39553	1
corpus_set/random/random.bin	3	0	fold	65536	70158	4879	65279	0	70158	0	0	1
corpus_set/random/random.bin	3	0	order0	65536	69439	3698	65741	0	70158	0	0	1
corpus_set/random/random.bin	3	0	order1_tok	65536	80702	3698	77004	0	70158	0	0	1
corpus_set/random/random.bin	3	0	order1_byte	65536	66524	10	66514	0	70158	0	0	1
corpus_set/random/random.bin	3	0	context	65536	80980	3702	77278	0	70158	195046	24068	1
corpus_set/random/random.bin	3	1	context	65536	80980	3702	77278	0	70158	196592	33796	1
corpus_set/random/random.bin	3	2	context	65536	80980	3702	77278	0	70158	198353	34684	1
corpus_set/random/random.bin	4	0	fold	65536	70179	4904	65275	0	70179	0	0	1
corpus_set/random/random.bin	4	0	order0	65536	69451	3718	65733	0	70179	0	0	1
corpus_set/random/random.bin	4	0	order1_tok	65536	80736	3718	77018	0	70179	0	0	1
corpus_set/random/random.bin	4	0	order1_byte	65536	66537	10	66527	0	70179	0	0	1
corpus_set/random/random.bin	4	0	context	65536	81031	3722	77309	0	70179	198804	34175	1
corpus_set/random/random.bin	4	1	context	65536	81031	3722	77309	0	70179	189120	33676	1
corpus_set/random/random.bin	4	2	context	65536	81031	3722	77309	0	70179	187284	28186	1
corpus_set/random/random.bin	5	0	fold	65536	70277	5014	65263	0	70277	0	0	1
corpus_set/random/random.bin	5	0	order0	65536	69539	3806	65733	0	70277	0	0	1
corpus_set/random/random.bin	5	0	order1_tok	65536	80892	3806	77086	0	70277	0	0	1
corpus_set/random/random.bin	5	0	order1_byte	65536	66509	10	66499	0	70277	0	0	1
corpus_set/random/random.bin	5	0	context	65536	81172	3810	77362	0	70277	198489	23731	1
corpus_set/random/random.bin	5	1	context	65536	81172	3810	77362	0	70277	191151	26552	1
corpus_set/random/random.bin	5	2	context	65536	81172	3810	77362	0	70277	204806	33869	1
corpus_set/random/random.bin	6	0	fold	65536	70470	5214	65256	0	70470	0	0	1
corpus_set/random/random.bin	6	0	order0	65536	69698	3966	65732	0	70470	0	0	1
corpus_set/random/random.bin	6	0	order1_tok	65536	81197	3966	77231	0	70470	0	0	1
corpus_set/random/random.bin	6	0	order1_byte	65536	66505	10	66495	0	70470	0	0	1
corpus_set/random/random.bin	6	0	context	65536	81538	3970	77568	0	70470	210746	34131	1
corpus_set/random/random.bin	6	1	context	65536	81538	3970	77568	0	70470	201787	39720	1
corpus_set/random/random.bin	6	2	context	65536	81538	3970	77568	0	70470	212210	34802	1
corpus_set/random/random.bin	7	0	fold	65536	70295	5034	65261	0	70295	0	0	1
corpus_set/random/random.bin	7	0	order0	65536	69555	3822	65733	0	70295	0	0	1
corpus_set/random/random.bin	7	0	order1_tok	65536	80921	3822	77099	0	70295	0	0	1
corpus_set/random/random.bin	7	0	order1_byte	65536	66508	10	66498	0	70295	0	0	1
corpus_set/random/random.bin	7	0	context	65536	81237	3826	77411	0	70295	202699	34660	1
corpus_set/random/random.bin	7	1	context	65536	81237	3826	77411	0	70295	193972	31285	1
corpus_set/random/random.bin	7	2	context	65536	81237	3826	77411	0	70295	204157	34497	1
corpus_set/random/random.bin	8	0	fold	65536	70537	5274	65263	0	70537	0	0	1
corpus_set/random/random.bin	8	0	order0	65536	69749	4014	65735	0	70537	0	0	1
corpus_set/random/random.bin	8	0	order1_tok	65536	81252	4014	77238	0	70537	0	0	1
corpus_set/random/random.bin	8	0	order1_byte	65536	66459	10	66449	0	70537	0	0	1
corpus_set/random/random.bin	8	0	context	65536	81602	4018	77584	0	70537	205150	35486	1
corpus_set/random/random.bin	8	1	context	65536	81602	4018	77584	0	70537	205234	27127	1
corpus_set/random/random.bin	8	2	context	65536	81602	4018	77584	0	70537	203902	27499	1
corpus_set/random/random.bin	9	0	fold	65536	70156	4864	65292	0	70156	0	0	1
corpus_set/random/random.bin	9	0	order0	65536	69435	3686	65749	0	70156	0	0	1
corpus_set/random/random.bin	9	0	order1_tok	65536	80711	3686	77025	0	70156	0	0	1
corpus_set/random/random.bin	9	0	order1_byte	65536	66538	10	66528	0	70156	0	0	1
corpus_set/random/random.bin	9	0	context	65536	81003	3690	77313	0	70156	187623	35518	1
corpus_set/random/random.bin	9	1	context	65536	81003	3690	77313	0	70156	189083	24641	1
corpus_set/random/random.bin	9	2	context	65536	81003	3690	77313	0	70156	185814	25745	1
corpus_set/random/random.bin	10	0	fold	65536	70358	5104	65254	0	70358	0	0	1
corpus_set/random/random.bin	10	0	order0	65536	69606	3878	65728	0	70358	0	0	1
corpus_set/random/random.bin	10	0	order1_tok	65536	81004	3878	77126	0	70358	0	0	1
corpus_set/random/random.bin	10	0	order1_byte	65536	66487	10	66477	0	70358	0	0	1
corpus_set/random/random.bin	10	0	context	65536	81310	3882	77428	0	70358	199481	34566	1
corpus_set/random/random.bin	10	1	context	65536	81310	3882	77428	0	70358	198256	27299	1
corpus_set/random/random.bin	10	2	context	65536	81310	3882	77428	0	70358	196343	26120	1
corpus_set/random/random.bin	11	0	fold	65536	70316	5044	65272	0	70316	0	0	1
corpus_set/random/random.bin	11	0	order0	65536	69569	3830	65739	0	70316	0	0	1
corpus_set/random/random.bin	11	0	order1_tok	65536	80936	3830	77106	0	70316	0	0	1
corpus_set/random/random.bin	11	0	order1_byte	65536	66495	10	66485	0	70316	0	0	1
corpus_set/random/random.bin	11	0	context	65536	81254	3834	77420	0	70316	196931	34851	1
corpus_set/random/random.bin	11	1	context	65536	81254	3834	77420	0	70316	196455	24305	1
corpus_set/random/random.bin	11	2	context	65536	81254	3834	77420	0	70316	193171	25727	1
corpus_set/random/random.bin	12	0	fold	65536	70295	5029	65266	0	70295	0	0	1
corpus_set/random/random.bin	12	0	order0	65536	69554	3818	65736	0	70295	0	0	1
corpus_set/random/random.bin	12	0	order1_tok	65536	80911	3818	77093	0	70295	0	0	1
corpus_set/random/random.bin	12	0	order1_byte	65536	66493	10	66483	0	70295	0	0	1
corpus_set/random/random.bin	12	0	context	65536	81252	3822	77430	0	70295	194442	40064	1
corpus_set/random/random.bin	12	1	context	65536	81252	3822	77430	0	70295	204684	35043	1
corpus_set/random/random.bin	12	2	context	65536	81252	3822	77430	0	70295	191537	26437	1
corpus_set/random/random.bin	13	0	fold	65536	70152	4869	65283	0	70152	0	0	1
corpus_set/random/random.bin	13	0	order0	65536	69430	3690	65740	0	70152	0	0	1
corpus_set/random/random.bin	13	0	order1_tok	65536	80678	3690	76988	0	70152	0	0	1
corpus_set/random/random.bin	13	0	order1_byte	65536	66514	10	66504	0	70152	0	0	1
corpus_set/random/random.bin	13	0	context	65536	80986	3694	77292	0	70152	189302	24707	1
corpus_set/random/random.bin	13	1	context	65536	80986	3694	77292	0	70152	187050	24221	1
corpus_set/random/random.bin	13	2	context	65536	80986	3694	77292	0	70152	185699	23883	1
corpus_set/random/random.bin	14	0	fold	65536	70232	4949	65283	0	70232	0	0	1
corpus_set/random/random.bin	14	0	order0	65536	69498	3754	65744	0	70232	0	0	1
corpus_set/random/random.bin	14	0	order1_tok	65536	80812	3754	77058	0	70232	0	0	1
corpus_set/random/random.bin	14	0	order1_byte	65536	66512	10	66502	0	70232	0	0	1
corpus_set/random/random.bin	14	0	context	65536	81149	3758	77391	0	70232	188474	28769	1
corpus_set/random/random.bin	14	1	context	65536	81149	3758	77391	0	70232	191594	35412	1
corpus_set/random/random.bin	14	2	context	65536	81149	3758	77391	0	70232	189105	26097	1
corpus_set/random/random.bin	15	0	fold	65536	70354	5094	65260	0	70354	0	0	1
corpus_set/random/random.bin	15	0	order0	65536	69595	3870	65725	0	70354	0	0	1
corpus_set/random/random.bin	15	0	order1_tok	65536	80968	3870	77098	0	70354	0	0	1
corpus_set/random/random.bin	15	0	order1_byte	65536	66495	10	66485	0	70354	0	0	1
corpus_set/random/random.bin	15	0	context	65536	81313	3874	77439	0	70354	198584	25236	1
corpus_set/random/random.bin	15	1	context	65536	81313	3874	77439	0	70354	194344	26644	1
corpus_set/random/random.bin	15	2	context	65536	81313	3874	77439	0	70354	194805	24552	1
corpus_set/table/table.csv	0	0	fold	65536	21136	5069	16067	0	21136	0	0	1
corpus_set/table/table.csv	0	0	order0	65536	20330	3850	16480	0	21136	0	0	1
corpus_set/table/table.csv	0	0	order1_tok	65536	21141	3850	17291	0	21136	0	0	1
corpus_set/table/table.csv	0	0	order1_byte	65536	27135	10	27125	0	21136	0	0	1
corpus_set/table/table.csv	0	0	context	65536	21836	3854	17982	0	21136	176801	13035	1
corpus_set/table/table.csv	0	1	context	65536	21836	3854	17982	0	21136	177789	21045	1
corpus_set/table/table.csv	0	2	context	65536	21836	3854	17982	0	21136	175763	22402	1
corpus_set/table/table.csv	1	0	fold	65536	21870	5394	16476	0	21870	0	0	1
corpus_set/table/table.csv	1	0	order0	65536	20989	4110	16879	0	21870	0	0	1
corpus_set/table/table.csv	1	0	order1_tok	65536	21672	4110	17562	0	21870	0	0	1
corpus_set/table/table.csv	1	0	order1_byte	65536	26856	10	26846	0	21870	0	0	1
corpus_set/table/table.csv	1	0	context	65536	22232	4114	18118	0	21870	181968	14330	1
corpus_set/table/table.csv	1	1	context	65536	22232	4114	18118	0	21870	185647	16050	1
corpus_set/table/table.csv	1	2	context	65536	22232	4114	18118	0	21870	180807	14391	1
corpus_set/table/table.csv	2	0	fold	65536	22127	5394	16733	0	22127	0	0	1
corpus_set/table/table.csv	2	0	order0	65536	21247	4110	17137	0	22127	0	0	1
corpus_set/table/table.csv	2	0	order1_tok	65536	21953	4110	17843	0	22127	0	0	1
corpus_set/table/table.csv	2	0	order1_byte	65536	26864	10	26854	0	22127	0	0	1
corpus_set/table/table.csv	2	0	context	65536	22506	4114	18392	0	22127	179927	14551	1
corpus_set/table/table.csv	2	1	context	65536	22506	4114	18392	0	22127	185151	15243	1
corpus_set/table/table.csv	2	2	context	65536	22506	4114	18392	0	22127	180387	14600	1
corpus_set/table/table.csv	3	0	fold	65536	20980	4989	15991	0	20980	0	0	1
corpus_set/table/table.csv	3	0	order0	65536	20166	3786	16380	0	20980	0	0	1
corpus_set/table/table.csv	3	0	order1_tok	65536	20869	3786	17083	0	20980	0	0	1
corpus_set/table/table.csv	3	0	order1_byte	65536	26941	10	26931	0	20980	0	0	1
corpus_set/table/table.csv	3	0	context	65536	21237	3790	17447	0	20980	167355	14292	1
corpus_set/table/table.csv	3	1	context	65536	21237	3790	17447	0	20980	169772	14697	1
corpus_set/table/table.csv	3	2	context	65536	21237	3790	17447	0	20980	168884	14082	1
corpus_set/table/table.csv	4	0	fold	65536	21613	5394	16219	0	21613	0	0	1
corpus_set/table/table.csv	4	0	order0	65536	20736	4110	16626	0	21613	0	0	1
corpus_set/table/table.csv	4	0	order1_tok	65536	21569	4110	17459	0	21613	0	0	1
corpus_set/table/table.csv	4	0	order1_byte	65536	26966	10	26956	0	21613	0	0	1
corpus_set/table/table.csv	4	0	context	65536	22181	4114	18067	0	21613	179304	16520	1
corpus_set/table/table.csv	4	1	context	65536	22181	4114	18067	0	21613	181716	15329	1
corpus_set/table/table.csv	4	2	context	65536	22181	4114	18067	0	21613	189420	24469	1
corpus_set/table/table.csv	5	0	fold	65536	21666	5349	16317	0	21666	0	0	1
corpus_set/table/table.csv	5	0	order0	65536	20789	4074	16715	0	21666	0	0	1
corpus_set/table/table.csv	5	0	order1_tok	65536	21399	4074	17325	0	21666	0	0	1
corpus_set/table/table.csv	5	0	order1_byte	65536	26976	10	26966	0	21666	0	0	1
corpus_set/table/table.csv	5	0	context	65536	21832	4078	17754	0	21666	176561	15502	1
corpus_set/table/table.csv	5	1	context	65536	21832	4078	17754	0	21666	175948	16490	1
corpus_set/table/table.csv	5	2	context	65536	21832	4078	17754	0	21666	174648	18860	1
corpus_set/table/table.csv	6	0	fold	65536	21768	5369	16399	0	21768	0	0	1
corpus_set/table/table.csv	6	0	order0	65536	20889	4090	16799	0	21768	0	0	1
corpus_set/table/table.csv	6	0	order1_tok	65536	21545	4090	17455	0	21768	0	0	1
corpus_set/table/table.csv	6	0	order1_byte	65536	26949	10	26939	0	21768	0	0	1
corpus_set/table/table.csv	6	0	context	65536	22014	4094	17920	0	21768	177573	15466	1
corpus_set/table/table.csv	6	1	context	65536	22014	4094	17920	0	21768	179791	15769	1
corpus_set/table/table.csv	6	2	context	65536	22014	4094	17920	0	21768	178632	16858	1
corpus_set/table/table.csv	7	0	fold	65536	20969	4879	16090	0	20969	0	0	1
corpus_set/table/table.csv	7	0	order0	65536	20178	3698	16480	0	20969	0	0	1
corpus_set/table/table.csv	7	0	order1_tok	65536	20867	3698	17169	0	20969	0	0	1
corpus_set/table/table.csv	7	0	order1_byte	65536	26920	10	26910	0	20969	0	0	1
corpus_set/table/table.csv	7	0	context	65536	21256	3702	17554	0	20969	165856	13294	1
corpus_set/table/table.csv	7	1	context	65536	21256	3702	17554	0	20969	165284	13322	1
corpus_set/table/table.csv	7	2	context	65536	21256	3702	17554	0	20969	164917	13113	1
corpus_set/table/table.csv	8	0	fold	65536	20905	5269	15636	0	20905	0	0	1
corpus_set/table/table.csv	8	0	order0	65536	20039	4010	16029	0	20905	0	0	1
corpus_set/table/table.csv	8	0	order1_tok	65536	20794	4010	16784	0	20905	0	0	1
corpus_set/table/table.csv	8	0	order1_byte	65536	26492	10	26482	0	20905	0	0	1
corpus_set/table/table.csv	8	0	context	65536	21342	4014	17328	0	20905	178424	14925	1
corpus_set/table/table.csv	8	1	context	65536	21342	4014	17328	0	20905	182507	14997	1
corpus_set/table/table.csv	8	2	context	65536	21342	4014	17328	0	20905	182838	16544	1
corpus_set/table/table.csv	9	0	fold	65536	21250	5279	15971	0	21250	0	0	1
corpus_set/table/table.csv	9	0	order0	65536	20385	4018	16367	0	21250	0	0	1
corpus_set/table/table.csv	9	0	order1_tok	65536	21075	4018	17057	0	21250	0	0	1
corpus_set/table/table.csv	9	0	order1_byte	65536	26779	10	26769	0	21250	0	0	1
corpus_set/table/table.csv	9	0	context	65536	21480	4022	17458	0	21250	171062	14985	1
corpus_set/table/table.csv	9	1	context	65536	21480	4022	17458	0	21250	174987	14096	1
corpus_set/table/table.csv	9	2	context	65536	21480	4022	17458	0	21250	173334	14581	1
corpus_set/table/table.csv	10	0	fold	65536	21236	5104	16132	0	21236	0	0	1
corpus_set/table/table.csv	10	0	order0	65536	20395	3878	16517	0	21236	0	0	1
corpus_set/table/table.csv	10	0	order1_tok	65536	21020	3878	17142	0	21236	0	0	1
corpus_set/table/table.csv	10	0	order1_byte	65536	26751	10	26741	0	21236	0	0	1
corpus_set/table/table.csv	10	0	context	65536	21467	3882	17585	0	21236	171573	22093	1
corpus_set/table/table.csv	10	1	context	65536	21467	3882	17585	0	21236	170194	15626	1
corpus_set/table/table.csv	10	2	context	65536	21467	3882	17585	0	21236	169982	13656	1
corpus_set/table/table.csv	11	0	fold	65536	20892	4909	15983	0	20892	0	0	1
corpus_set/table/table.csv	11	0	order0	65536	20089	3722	16367	0	20892	0	0	1
corpus_set/table/table.csv	11	0	order1_tok	65536	20783	3722	17061	0	20892	0	0	1
corpus_set/table/table.csv	11	0	order1_byte	65536	26709	10	26699	0	20892	0	0	1
corpus_set/table/table.csv	11	0	context	65536	21193	3726	17467	0	20892	171953	14354	1
corpus_set/table/table.csv	11	1	context	65536	21193	3726	17467	0	20892	167582	13216	1
corpus_set/table/table.csv	11	2	context	65536	21193	3726	17467	0	20892	171492	14300	1
corpus_set/table/table.csv	12	0	fold	65536	20889	5344	15545	0	20889	0	0	1
corpus_set/table/table.csv	12	0	order0	65536	20018	4070	15948	0	20889	0	0	1
corpus_set/table/table.csv	12	0	order1_tok	65536	20786	4070	16716	0	20889	0	0	1
corpus_set/table/table.csv	12	0	order1_byte	65536	26759	10	26749	0	20889	0	0	1
corpus_set/table/table.csv	12	0	context	65536	21370	4074	17296	0	20889	180895	13923	1
corpus_set/table/table.csv	12	1	context	65536	21370	4074	17296	0	20889	183805	15126	1
corpus_set/table/table.csv	12	2	context	65536	21370	4074	17296	0	20889	181849	13829	1
corpus_set/table/table.csv	13	0	fold	65536	21433	5309	16124	0	21433	0	0	1
corpus_set/table/table.csv	13	0	order0	65536	20565	4042	16523	0	21433	0	0	1
corpus_set/table/table.csv	13	0	order1_tok	65536	21206	4042	17164	0	21433	0	0	1
corpus_set/table/table.csv	13	0	order1_byte	65536	26862	10	26852	0	21433	0	0	1
corpus_set/table/table.csv	13	0	context	65536	21612	4046	17566	0	21433	185409	23982	1
corpus_set/table/table.csv	13	1	context	65536	21612	4046	17566	0	21433	178341	15724	1
corpus_set/table/table.csv	13	2	context	65536	21612	4046	17566	0	21433	176032	14780	1
corpus_set/table/table.csv	14	0	fold	65536	21445	5344	16101	0	21445	0	0	1
corpus_set/table/table.csv	14	0	order0	65536	20566	4070	16496	0	21445	0	0	1
corpus_set/table/table.csv	14	0	order1_tok	65536	21208	4070	17138	0	21445	0	0	1
corpus_set/table/table.csv	14	0	order1_byte	65536	26784	10	26774	0	21445	0	0	1
corpus_set/table/table.csv	14	0	context	65536	21637	4074	17563	0	21445	180261	14146	1
corpus_set/table/table.csv	14	1	context	65536	21637	4074	17563	0	21445	182398	22345	1
corpus_set/table/table.csv	14	2	context	65536	21637	4074	17563	0	21445	183016	14056	1
corpus_set/table/table.csv	15	0	fold	65536	21130	5029	16101	0	21130	0	0	1
corpus_set/table/table.csv	15	0	order0	65536	20301	3818	16483	0	21130	0	0	1
corpus_set/table/table.csv	15	0	order1_tok	65536	21015	3818	17197	0	21130	0	0	1
corpus_set/table/table.csv	15	0	order1_byte	65536	26718	10	26708	0	21130	0	0	1
corpus_set/table/table.csv	15	0	context	65536	21461	3822	17639	0	21130	173607	13676	1
corpus_set/table/table.csv	15	1	context	65536	21461	3822	17639	0	21130	173807	13787	1
corpus_set/table/table.csv	15	2	context	65536	21461	3822	17639	0	21130	182980	14218	1
corpus_set/table/table.csv	16	0	fold	65536	21068	5039	16029	0	21068	0	0	1
corpus_set/table/table.csv	16	0	order0	65536	20237	3826	16411	0	21068	0	0	1
corpus_set/table/table.csv	16	0	order1_tok	65536	20901	3826	17075	0	21068	0	0	1
corpus_set/table/table.csv	16	0	order1_byte	65536	26549	10	26539	0	21068	0	0	1
corpus_set/table/table.csv	16	0	context	65536	21418	3830	17588	0	21068	170990	15789	1
corpus_set/table/table.csv	16	1	context	65536	21418	3830	17588	0	21068	172056	14225	1
corpus_set/table/table.csv	16	2	context	65536	21418	3830	17588	0	21068	171396	15117	1
corpus_set/table/table.csv	17	0	fold	65536	21527	5274	16253	0	21527	0	0	1
corpus_set/table/table.csv	17	0	order0	65536	20660	4014	16646	0	21527	0	0	1
corpus_set/table/table.csv	17	0	order1_tok	65536	21279	4014	17265	0	21527	0	0	1
corpus_set/table/table.csv	17	0	order1_byte	65536	26966	10	26956	0	21527	0	0	1
corpus_set/table/table.csv	17	0	context	65536	21756	4018	17738	0	21527	179052	14301	1
corpus_set/table/table.csv	17	1	context	65536	21756	4018	17738	0	21527	179114	23444	1
corpus_set/table/table.csv	17	2	context	65536	21756	4018	17738	0	21527	177124	14465	1
corpus_set/table/table.csv	18	0	fold	65536	21504	5394	16110	0	21504	0	0	1
corpus_set/table/table.csv	18	0	order0	65536	20610	4110	16500	0	21504	0	0	1
corpus_set/table/table.csv	18	0	order1_tok	65536	21251	4110	17141	0	21504	0	0	1
corpus_set/table/table.csv	18	0	order1_byte	65536	27085	10	27075	0	21504	0	0	1
corpus_set/table/table.csv	18	0	context	65536	21691	4114	17577	0	21504	179615	15820	1
corpus_set/table/table.csv	18	1	context	65536	21691	4114	17577	0	21504	179092	15457	1
corpus_set/table/table.csv	18	2	context	65536	21691	4114	17577	0	21504	179504	15077	1
corpus_set/table/table.csv	19	0	fold	65536	20989	5089	15900	0	20989	0	0	1
corpus_set/table/table.csv	19	0	order0	65536	20152	3866	16286	0	20989	0	0	1
corpus_set/table/table.csv	19	0	order1_tok	65536	20844	3866	16978	0	20989	0	0	1
corpus_set/table/table.csv	19	0	order1_byte	65536	26842	10	26832	0	20989	0	0	1
corpus_set/table/table.csv	19	0	context	65536	21339	3870	17469	0	20989	173227	14588	1
corpus_set/table/table.csv	19	1	context	65536	21339	3870	17469	0	20989	175391	15431	1
corpus_set/table/table.csv	19	2	context	65536	21339	3870	17469	0	20989	177174	14328	1
corpus_set/table/table.csv	20	0	fold	65536	21033	5084	15949	0	21033	0	0	1
corpus_set/table/table.csv	20	0	order0	65536	20201	3862	16339	0	21033	0	0	1
corpus_set/table/table.csv	20	0	order1_tok	65536	20921	3862	17059	0	21033	0	0	1
corpus_set/table/table.csv	20	0	order1_byte	65536	26815	10	26805	0	21033	0	0	1
corpus_set/table/table.csv	20	0	context	65536	21414	3866	17548	0	21033	176630	13665	1
corpus_set/table/table.csv	20	1	context	65536	21414	3866	17548	0	21033	175196	14255	1
corpus_set/table/table.csv	20	2	context	65536	21414	3866	17548	0	21033	173573	13554	1
corpus_set/table/table.csv	21	0	fold	65536	21709	5394	16315	0	21709	0	0	1
corpus_set/table/table.csv	21	0	order0	65536	20815	4110	16705	0	21709	0	0	1
corpus_set/table/table.csv	21	0	order1_tok	65536	21432	4110	17322	0	21709	0	0	1
corpus_set/table/table.csv	21	0	order1_byte	65536	26786	10	26776	0	21709	0	0	1
corpus_set/table/table.csv	21	0	context	65536	22064	4114	17950	0	21709	182539	14524	1
corpus_set/table/table.csv	21	1	context	65536	22064	4114	17950	0	21709	178296	15074	1
corpus_set/table/table.csv	21	2	context	65536	22064	4114	17950	0	21709	178995	18685	1
corpus_set/table/table.csv	22	0	fold	65536	21217	5029	16188	0	21217	0	0	1
corpus_set/table/table.csv	22	0	order0	65536	20386	3818	16568	0	21217	0	0	1
corpus_set/table/table.csv	22	0	order1_tok	65536	21012	3818	17194	0	21217	0	0	1
corpus_set/table/table.csv	22	0	order1_byte	65536	27018	10	27008	0	21217	0	0	1
corpus_set/table/table.csv	22	0	context	65536	21479	3822	17657	0	21217	172601	15521	1
corpus_set/table/table.csv	22	1	context	65536	21479	3822	17657	0	21217	171640	21840	1
corpus_set/table/table.csv	22	2	context	65536	21479	3822	17657	0	21217	169166	13684	1
corpus_set/table/table.csv	23	0	fold	65536	20893	5059	15834	0	20893	0	0	1
corpus_set/table/table.csv	23	0	order0	65536	20064	3842	16222	0	20893	0	0	1
corpus_set/table/table.csv	23	0	order1_tok	65536	20704	3842	16862	0	20893	0	0	1
corpus_set/table/table.csv	23	0	order1_byte	65536	26976	10	26966	0	20893	0	0	1
corpus_set/table/table.csv	23	0	context	65536	21138	3846	17292	0	20893	168859	13436	1
corpus_set/table/table.csv	23	1	context	65536	21138	3846	17292	0	20893	172142	13308	1
corpus_set/table/table.csv	23	2	context	65536	21138	3846	17292	0	20893	171315	14121	1
corpus_set/table/table.csv	24	0	fold	65536	21045	5214	15831	0	21045	0	0	1
corpus_set/table/table.csv	24	0	order0	65536	20198	3966	16232	0	21045	0	0	1
corpus_set/table/table.csv	24	0	order1_tok	65536	20989	3966	17023	0	21045	0	0	1
corpus_set/table/table.csv	24	0	order1_byte	65536	26881	10	26871	0	21045	0	0	1
corpus_set/table/table.csv	24	0	context	65536	21518	3970	17548	0	21045	178408	16593	1
corpus_set/table/table.csv	24	1	context	65536	21518	3970	17548	0	21045	184222	14724	1
corpus_set/table/table.csv	24	2	context	65536	21518	3970	17548	0	21045	177658	14998	1
corpus_set/table/table.csv	25	0	fold	65536	21853	5394	16459	0	21853	0	0	1
corpus_set/table/table.csv	25	0	order0	65536	20965	4110	16855	0	21853	0	0	1
corpus_set/table/table.csv	25	0	order1_tok	65536	21686	4110	17576	0	21853	0	0	1
corpus_set/table/table.csv	25	0	order1_byte	65536	26920	10	26910	0	21853	0	0	1
corpus_set/table/table.csv	25	0	context	65536	22319	4114	18205	0	21853	180622	17940	1
corpus_set/table/table.csv	25	1	context	65536	22319	4114	18205	0	21853	181650	15585	1
corpus_set/table/table.csv	25	2	context	65536	22319	4114	18205	0	21853	183970	15802	1
corpus_set/table/table.csv	26	0	fold	65536	21677	5394	16283	0	21677	0	0	1
corpus_set/table/table.csv	26	0	order0	65536	20792	4110	16682	0	21677	0	0	1
corpus_set/table/table.csv	26	0	order1_tok	65536	21398	4110	17288	0	21677	0	0	1
corpus_set/table/table.csv	26	0	order1_byte	65536	27015	10	27005	0	21677	0	0	1
corpus_set/table/table.csv	26	0	context	65536	21845	4114	17731	0	21677	178899	22563	1
corpus_set/table/table.csv	26	1	context	65536	21845	4114	17731	0	21677	180619	15160	1
corpus_set/table/table.csv	26	2	context	65536	21845	4114	17731	0	21677	190018	15869	1
corpus_set/table/table.csv	27	0	fold	65536	21723	5394	16329	0	21723	0	0	1
corpus_set/table/table.csv	27	0	order0	65536	20830	4110	16720	0	21723	0	0	1
corpus_set/table/table.csv	27	0	order1_tok	65536	21522	4110	17412	0	21723	0	0	1
corpus_set/table/table.csv	27	0	order1_byte	65536	26974	10	26964	0	21723	0	0	1
corpus_set/table/table.csv	27	0	context	65536	22062	4114	17948	0	21723	182787	14732	1
corpus_set/table/table.csv	27	1	context	65536	22062	4114	17948	0	21723	182997	14105	1
corpus_set/table/table.csv	27	2	context	65536	22062	4114	17948	0	21723	185333	15610	1
corpus_set/table/table.csv	28	0	fold	65536	21193	5394	15799	0	21193	0	0	1
corpus_set/table/table.csv	28	0	order0	65536	20302	4110	16192	0	21193	0	0	1
corpus_set/table/table.csv	28	0	order1_tok	65536	21037	4110	16927	0	21193	0	0	1
corpus_set/table/table.csv	28	0	order1_byte	65536	26900	10	26890	0	21193	0	0	1
corpus_set/table/table.csv	28	0	context	65536	21465	4114	17351	0	21193	180743	14515	1
corpus_set/table/table.csv	28	1	context	65536	21465	4114	17351	0	21193	177739	14361	1
corpus_set/table/table.csv	28	2	context	65536	21465	4114	17351	0	21193	183010	14741	1
corpus_set/table/table.csv	29	0	fold	65536	21018	5189	15829	0	21018	0	0	1
corpus_set/table/table.csv	29	0	order0	65536	20176	3946	16230	0	21018	0	0	1
corpus_set/table/table.csv	29	0	order1_tok	65536	20865	3946	16919	0	21018	0	0	1
corpus_set/table/table.csv	29	0	order1_byte	65536	26973	10	26963	0	21018	0	0	1
corpus_set/table/table.csv	29	0	context	65536	21480	3950	17530	0	21018	173022	13976	1
corpus_set/table/table.csv	29	1	context	65536	21480	3950	17530	0	21018	172842	13440	1
corpus_set/table/table.csv	29	2	context	65536	21480	3950	17530	0	21018	171217	13850	1
corpus_set/table/table.csv	30	0	fold	65536	21802	5394	16408	0	21802	0	0	1
corpus_set/table/table.csv	30	0	order0	65536	20911	4110	16801	0	21802	0	0	1
corpus_set/table/table.csv	30	0	order1_tok	65536	21538	4110	17428	0	21802	0	0	1
corpus_set/table/table.csv	30	0	order1_byte	65536	26893	10	26883	0	21802	0	0	1
corpus_set/table/table.csv	30	0	context	65536	22015	4114	17901	0	21802	173022	16970	1
corpus_set/table/table.csv	30	1	context	65536	22015	4114	17901	0	21802	185580	22576	1
corpus_set/table/table.csv	30	2	context	65536	22015	4114	17901	0	21802	173979	13992	1
corpus_set/table/table.csv	31	0	fold	65536	21562	5394	16168	0	21562	0	0	1
corpus_set/table/table.csv	31	0	order0	65536	20670	4110	16560	0	21562	0	0	1
corpus_set/table/table.csv	31	0	order1_tok	65536	21363	4110	17253	0	21562	0	0	1
corpus_set/table/table.csv	31	0	order1_byte	65536	26942	10	26932	0	21562	0	0	1
corpus_set/table/table.csv	31	0	context	65536	21864	4114	17750	0	21562	178400	14281	1
corpus_set/table/table.csv	31	1	context	65536	21864	4114	17750	0	21562	181222	14538	1
corpus_set/table/table.csv	31	2	context	65536	21864	4114	17750	0	21562	180565	14457	1
corpus_set/table/table.csv	32	0	fold	65536	21027	5394	15633	0	21027	0	0	1
corpus_set/table/table.csv	32	0	order0	65536	20150	4110	16040	0	21027	0	0	1
corpus_set/table/table.csv	32	0	order1_tok	65536	20904	4110	16794	0	21027	0	0	1
corpus_set/table/table.csv	32	0	order1_byte	65536	26983	10	26973	0	21027	0	0	1
corpus_set/table/table.csv	32	0	context	65536	21427	4114	17313	0	21027	180260	15565	1
corpus_set/table/table.csv	32	1	context	65536	21427	4114	17313	0	21027	180995	15928	1
corpus_set/table/table.csv	32	2	context	65536	21427	4114	17313	0	21027	182128	14683	1
corpus_set/table/table.csv	33	0	fold	65536	21551	5394	16157	0	21551	0	0	1
corpus_set/table/table.csv	33	0	order0	65536	20665	4110	16555	0	21551	0	0	1
corpus_set/table/table.csv	33	0	order1_tok	65536	21419	4110	17309	0	21551	0	0	1
corpus_set/table/table.csv	33	0	order1_byte	65536	26857	10	26847	0	21551	0	0	1
corpus_set/table/table.csv	33	0	context	65536	21976	4114	17862	0	21551	181857	14213	1
corpus_set/table/table.csv	33	1	context	65536	21976	4114	17862	0	21551	182151	15747	1
corpus_set/table/table.csv	33	2	context	65536	21976	4114	17862	0	21551	180182	13935	1
corpus_set/table/table.csv	34	0	fold	65536	21527	5394	16133	0	21527	0	0	1
corpus_set/table/table.csv	34	0	order0	65536	20638	4110	16528	0	21527	0	0	1
corpus_set/table/table.csv	34	0	order1_tok	65536	21231	4110	17121	0	21527	0	0	1
corpus_set/table/table.csv	34	0	order1_byte	65536	26985	10	26975	0	21527	0	0	1
corpus_set/table/table.csv	34	0	context	65536	21670	4114	17556	0	21527	178327	14737	1
corpus_set/table/table.csv	34	1	context	65536	21670	4114	17556	0	21527	175177	18845	1
corpus_set/table/table.csv	34	2	context	65536	21670	4114	17556	0	21527	184301	14307	1
corpus_set/table/table.csv	35	0	fold	65536	21389	5264	16125	0	21389	0	0	1
corpus_set/table/table.csv	35	0	order0	65536	20530	4006	16524	0	21389	0	0	1
corpus_set/table/table.csv	35	0	order1_tok	65536	21235	4006	17229	0	21389	0	0	1
corpus_set/table/table.csv	35	0	order1_byte	65536	26978	10	26968	0	21389	0	0	1
corpus_set/table/table.csv	35	0	context	65536	21704	4010	17694	0	21389	178537	24095	1
corpus_set/table/table.csv	35	1	context	65536	21704	4010	17694	0	21389	180767	14311	1
corpus_set/table/table.csv	35	2	context	65536	21704	4010	17694	0	21389	173866	14714	1
corpus_set/table/table.csv	36	0	fold	65536	21302	5304	15998	0	21302	0	0	1
corpus_set/table/table.csv	36	0	order0	65536	20431	4038	16393	0	21302	0	0	1
corpus_set/table/table.csv	36	0	order1_tok	65536	21142	4038	17104	0	21302	0	0	1
corpus_set/table/table.csv	36	0	order1_byte	65536	26956	10	26946	0	21302	0	0	1
corpus_set/table/table.csv	36	0	context	65536	21590	4042	17548	0	21302	181362	23853	1
corpus_set/table/table.csv	36	1	context	65536	21590	4042	17548	0	21302	178879	14333	1
corpus_set/table/table.csv	36	2	context	65536	21590	4042	17548	0	21302	178608	14405	1
corpus_set/table/table.csv	37	0	fold	65536	21247	5394	15853	0	21247	0	0	1
corpus_set/table/table.csv	37	0	order0	65536	20375	4110	16265	0	21247	0	0	1
corpus_set/table/table.csv	37	0	order1_tok	65536	21182	4110	17072	0	21247	0	0	1
corpus_set/table/table.csv	37	0	order1_byte	65536	26938	10	26928	0	21247	0	0	1
corpus_set/table/table.csv	37	0	context	65536	21814	4114	17700	0	21247	180618	15855	1
corpus_set/table/table.csv	37	1	context	65536	21814	4114	17700	0	21247	184612	14339	1
corpus_set/table/table.csv	37	2	context	65536	21814	4114	17700	0	21247	181166	16067	1
corpus_set/table/table.csv	38	0	fold	65536	21389	5304	16085	0	21389	0	0	1
corpus_set/table/table.csv	38	0	order0	65536	20515	4038	16477	0	21389	0	0	1
corpus_set/table/table.csv	38	0	order1_tok	65536	21178	4038	17140	0	21389	0	0	1
corpus_set/table/table.csv	38	0	order1_byte	65536	26967	10	26957	0	21389	0	0	1
corpus_set/table/table.csv	38	0	context	65536	21587	4042	17545	0	21389	169827	13808	1
corpus_set/table/table.csv	38	1	context	65536	21587	4042	17545	0	21389	170482	14227	1
corpus_set/table/table.csv	38	2	context	65536	21587	4042	17545	0	21389	174123	16858	1
corpus_set/table/table.csv	39	0	fold	65536	21654	5394	16260	0	21654	0	0	1
corpus_set/table/table.csv	39	0	order0	65536	20767	4110	16657	0	21654	0	0	1
corpus_set/table/table.csv	39	0	order1_tok	65536	21444	4110	17334	0	21654	0	0	1
corpus_set/table/table.csv	39	0	order1_byte	65536	26899	10	26889	0	21654	0	0	1
corpus_set/table/table.csv	39	0	context	65536	21942	4114	17828	0	21654	182288	14558	1
corpus_set/table/table.csv	39	1	context	65536	21942	4114	17828	0	21654	182956	15917	1
corpus_set/table/table.csv	39	2	context	65536	21942	4114	17828	0	21654	185267	15562	1
corpus_set/table/table.csv	40	0	fold	65536	20847	5049	15798	0	20847	0	0	1
corpus_set/table/table.csv	40	0	order0	65536	20013	3834	16179	0	20847	0	0	1
corpus_set/table/table.csv	40	0	order1_tok	65536	20691	3834	16857	0	20847	0	0	1
corpus_set/table/table.csv	40	0	order1_byte	65536	27023	10	27013	0	20847	0	0	1
corpus_set/table/table.csv	40	0	context	65536	21128	3838	17290	0	20847	171682	21984	1
corpus_set/table/table.csv	40	1	context	65536	21128	3838	17290	0	20847	168513	14946	1
corpus_set/table/table.csv	40	2	context	65536	21128	3838	17290	0	20847	168789	14662	1
corpus_set/table/table.csv	41	0	fold	65536	21544	5394	16150	0	21544	0	0	1
corpus_set/table/table.csv	41	0	order0	65536	20663	4110	16553	0	21544	0	0	1
corpus_set/table/table.csv	41	0	order1_tok	65536	21377	4110	17267	0	21544	0	0	1
corpus_set/table/table.csv	41	0	order1_byte	65536	26712	10	26702	0	21544	0	0	1
corpus_set/table/table.csv	41	0	context	65536	21972	4114	17858	0	21544	183130	14361	1
corpus_set/table/table.csv	41	1	context	65536	21972	4114	17858	0	21544	183068	14213	1
corpus_set/table/table.csv	41	2	context	65536	21972	4114	17858	0	21544	182106	15651	1
corpus_set/table/table.csv	42	0	fold	65536	21209	5079	16130	0	21209	0	0	1
corpus_set/table/table.csv	42	0	order0	65536	20372	3858	16514	0	21209	0	0	1
corpus_set/table/table.csv	42	0	order1_tok	65536	21014	3858	17156	0	21209	0	0	1
corpus_set/table/table.csv	42	0	order1_byte	65536	26916	10	26906	0	21209	0	0	1
corpus_set/table/table.csv	42	0	context	65536	21501	3862	17639	0	21209	168304	15244	1
corpus_set/table/table.csv	42	1	context	65536	21501	3862	17639	0	21209	169151	14083	1
corpus_set/table/table.csv	42	2	context	65536	21501	3862	17639	0	21209	169004	13287	1
corpus_set/table/table.csv	43	0	fold	65536	22015	5394	16621	0	22015	0	0	1
corpus_set/table/table.csv	43	0	order0	65536	21128	4110	17018	0	22015	0	0	1
corpus_set/table/table.csv	43	0	order1_tok	65536	21740	4110	17630	0	22015	0	0	1
corpus_set/table/table.csv	43	0	order1_byte	65536	26913	10	26903	0	22015	0	0	1
corpus_set/table/table.csv	43	0	context	65536	22226	4114	18112	0	22015	194889	24188	1
corpus_set/table/table.csv	43	1	context	65536	22226	4114	18112	0	22015	182541	15838	1
corpus_set/table/table.csv	43	2	context	65536	22226	4114	18112	0	22015	180047	14700	1
corpus_set/table/table.csv	44	0	fold	65536	21111	5394	15717	0	21111	0	0	1
corpus_set/table/table.csv	44	0	order0	65536	20230	4110	16120	0	21111	0	0	1
corpus_set/table/table.csv	44	0	order1_tok	65536	21052	4110	16942	0	21111	0	0	1
corpus_set/table/table.csv	44	0	order1_byte	65536	26981	10	26971	0	21111	0	0	1
corpus_set/table/table.csv	44	0	context	65536	21625	4114	17511	0	21111	184287	14996	1
corpus_set/table/table.csv	44	1	context	65536	21625	4114	17511	0	21111	183803	14066	1
corpus_set/table/table.csv	44	2	context	65536	21625	4114	17511	0	21111	180269	14254	1
corpus_set/table/table.csv	45	0	fold	65536	21284	5394	15890	0	21284	0	0	1
corpus_set/table/table.csv	45	0	order0	65536	20412	4110	16302	0	21284	0	0	1
corpus_set/table/table.csv	45	0	order1_tok	65536	21205	4110	17095	0	21284	0	0	1
corpus_set/table/table.csv	45	0	order1_byte	65536	27002	10	26992	0	21284	0	0	1
corpus_set/table/table.csv	45	0	context	65536	21809	4114	17695	0	21284	187158	14454	1
corpus_set/table/table.csv	45	1	context	65536	21809	4114	17695	0	21284	187445	16326	1
corpus_set/table/table.csv	45	2	context	65536	21809	4114	17695	0	21284	181327	14268	1
corpus_set/table/table.csv	46	0	fold	65536	21910	5394	16516	0	21910	0	0	1
corpus_set/table/table.csv	46	0	order0	65536	21015	4110	16905	0	21910	0	0	1
corpus_set/table/table.csv	46	0	order1_tok	65536	21745	4110	17635	0	21910	0	0	1
corpus_set/table/table.csv	46	0	order1_byte	65536	26885	10	26875	0	21910	0	0	1
corpus_set/table/table.csv	46	0	context	65536	22380	4114	18266	0	21910	184406	14971	1
corpus_set/table/table.csv	46	1	context	65536	22380	4114	18266	0	21910	181533	14644	1
corpus_set/table/table.csv	46	2	context	65536	22380	4114	18266	0	21910	177880	14381	1
corpus_set/table/table.csv	47	0	fold	65536	21959	5394	16565	0	21959	0	0	1
corpus_set/table/table.csv	47	0	order0	65536	21064	4110	16954	0	21959	0	0	1
corpus_set/table/table.csv	47	0	order1_tok	65536	21715	4110	17605	0	21959	0	0	1
corpus_set/table/table.csv	47	0	order1_byte	65536	26930	10	26920	0	21959	0	0	1
corpus_set/table/table.csv	47	0	context	65536	22269	4114	18155	0	21959	183364	14469	1
corpus_set/table/table.csv	47	1	context	65536	22269	4114	18155	0	21959	199397	24009	1
corpus_set/table/table.csv	47	2	context	65536	22269	4114	18155	0	21959	185454	15503	1
corpus_set/table/table.csv	48	0	fold	65536	16094	5099	10995	0	16094	0	0	1
corpus_set/table/table.csv	48	0	order0	65536	15214	3874	11340	0	16094	0	0	1
corpus_set/table/table.csv	48	0	order1_tok	65536	15601	3874	11727	0	16094	0	0	1
corpus_set/table/table.csv	48	0	order1_byte	65536	25828	10	25818	0	16094	0	0	1
corpus_set/table/table.csv	48	0	context	65536	15785	3878	11907	0	16094	139031	12642	1
corpus_set/table/table.csv	48	1	context	65536	15785	3878	11907	0	16094	136831	13965	1
corpus_set/table/table.csv	48	2	context	65536	15785	3878	11907	0	16094	136405	12745	1
corpus_set/table/table.csv	49	0	fold	65536	11214	3609	7605	0	11214	0	0	1
corpus_set/table/table.csv	49	0	order0	65536	10590	2682	7908	0	11214	0	0	1
corpus_set/table/table.csv	49	0	order1_tok	65536	11033	2682	8351	0	11214	0	0	1
corpus_set/table/table.csv	49	0	order1_byte	65536	22802	10	22792	0	11214	0	0	1
corpus_set/table/table.csv	49	0	context	65536	11247	2686	8561	0	11214	92459	7413	1
corpus_set/table/table.csv	49	1	context	65536	11247	2686	8561	0	11214	93312	7055	1
corpus_set/table/table.csv	49	2	context	65536	11247	2686	8561	0	11214	92972	7871	1
corpus_set/table/table.csv	50	0	fold	65536	11345	3559	7786	0	11345	0	0	1
corpus_set/table/table.csv	50	0	order0	65536	10710	2642	8068	0	11345	0	0	1
corpus_set/table/table.csv	50	0	order1_tok	65536	11087	2642	8445	0	11345	0	0	1
corpus_set/table/table.csv	50	0	order1_byte	65536	22680	10	22670	0	11345	0	0	1
corpus_set/table/table.csv	50	0	context	65536	11237	2646	8591	0	11345	93504	7362	1
corpus_set/table/table.csv	50	1	context	65536	11237	2646	8591	0	11345	96327	10018	1
corpus_set/table/table.csv	50	2	context	65536	11237	2646	8591	0	11345	94155	7804	1
corpus_set/table/table.csv	51	0	fold	65536	11686	4009	7677	0	11686	0	0	1
corpus_set/table/table.csv	51	0	order0	65536	10977	3002	7975	0	11686	0	0	1
corpus_set/table/table.csv	51	0	order1_tok	65536	11316	3002	8314	0	11686	0	0	1
corpus_set/table/table.csv	51	0	order1_byte	65536	22717	10	22707	0	11686	0	0	1
corpus_set/table/table.csv	51	0	context	65536	11463	3006	8457	0	11686	100763	8168	1
corpus_set/table/table.csv	51	1	context	65536	11463	3006	8457	0	11686	98487	10053	1
corpus_set/table/table.csv	51	2	context	65536	11463	3006	8457	0	11686	99302	8098	1
corpus_set/table/table.csv	52	0	fold	65536	11115	3384	7731	0	11115	0	0	1
corpus_set/table/table.csv	52	0	order0	65536	10512	2502	8010	0	11115	0	0	1
corpus_set/table/table.csv	52	0	order1_tok	65536	10900	2502	8398	0	11115	0	0	1
corpus_set/table/table.csv	52	0	order1_byte	65536	22738	10	22728	0	11115	0	0	1
corpus_set/table/table.csv	52	0	context	65536	11061	2506	8555	0	11115	90402	7056	1
corpus_set/table/table.csv	52	1	context	65536	11061	2506	8555	0	11115	94426	9860	1
corpus_set/table/table.csv	52	2	context	65536	11061	2506	8555	0	11115	97464	7258	1
corpus_set/table/table.csv	53	0	fold	65536	11713	3844	7869	0	11713	0	0	1
corpus_set/table/table.csv	53	0	order0	65536	11034	2870	8164	0	11713	0	0	1
corpus_set/table/table.csv	53	0	order1_tok	65536	11416	2870	8546	0	11713	0	0	1
corpus_set/table/table.csv	53	0	order1_byte	65536	22693	10	22683	0	11713	0	0	1
corpus_set/table/table.csv	53	0	context	65536	11600	2874	8726	0	11713	102216	7923	1
corpus_set/table/table.csv	53	1	context	65536	11600	2874	8726	0	11713	101473	8146	1
corpus_set/table/table.csv	53	2	context	65536	11600	2874	8726	0	11713	99505	7750	1
corpus_set/table/table.csv	54	0	fold	65536	11960	3954	8006	0	11960	0	0	1
corpus_set/table/table.csv	54	0	order0	65536	11264	2958	8306	0	11960	0	0	1
corpus_set/table/table.csv	54	0	order1_tok	65536	11643	2958	8685	0	11960	0	0	1
corpus_set/table/table.csv	54	0	order1_byte	65536	22749	10	22739	0	11960	0	0	1
corpus_set/table/table.csv	54	0	context	65536	11888	2962	8926	0	11960	104207	8536	1
corpus_set/table/table.csv	54	1	context	65536	11888	2962	8926	0	11960	107341	8253	1
corpus_set/table/table.csv	54	2	context	65536	11888	2962	8926	0	11960	105168	8324	1
corpus_set/table/table.csv	55	0	fold	65536	11860	3994	7866	0	11860	0	0	1
corpus_set/table/table.csv	55	0	order0	65536	11156	2990	8166	0	11860	0	0	1
corpus_set/table/table.csv	55	0	order1_tok	65536	11539	2990	8549	0	11860	0	0	1
corpus_set/table/table.csv	55	0	order1_byte	65536	22782	10	22772	0	11860	0	0	1
corpus_set/table/table.csv	55	0	context	65536	11738	2994	8744	0	11860	106068	9280	1
corpus_set/table/table.csv	55	1	context	65536	11738	2994	8744	0	11860	111510	8396	1
corpus_set/table/table.csv	55	2	context	65536	11738	2994	8744	0	11860	102955	10284	1
corpus_set/table/table.csv	56	0	fold	65536	11665	3894	7771	0	11665	0	0	1
corpus_set/table/table.csv	56	0	order0	65536	10977	2910	8067	0	11665	0	0	1
corpus_set/table/table.csv	56	0	order1_tok	65536	11335	2910	8425	0	11665	0	0	1
corpus_set/table/table.csv	56	0	order1_byte	65536	22738	10	22728	0	11665	0	0	1
corpus_set/table/table.csv	56	0	context	65536	11516	2914	8602	0	11665	99784	8065	1
corpus_set/table/table.csv	56	1	context	65536	11516	2914	8602	0	11665	100405	8064	1
corpus_set/table/table.csv	56	2	context	65536	11516	2914	8602	0	11665	99572	8475	1
corpus_set/table/table.csv	57	0	fold	65536	11223	3624	7599	0	11223	0	0	1
corpus_set/table/table.csv	57	0	order0	65536	10576	2694	7882	0	11223	0	0	1
corpus_set/table/table.csv	57	0	order1_tok	65536	10925	2694	8231	0	11223	0	0	1
corpus_set/table/table.csv	57	0	order1_byte	65536	22817	10	22807	0	11223	0	0	1
corpus_set/table/table.csv	57	0	context	65536	11078	2698	8380	0	11223	94192	7768	1
corpus_set/table/table.csv	57	1	context	65536	11078	2698	8380	0	11223	92716	7336	1
corpus_set/table/table.csv	57	2	context	65536	11078	2698	8380	0	11223	93997	7298	1
corpus_set/table/table.csv	58	0	fold	65536	11433	3559	7874	0	11433	0	0	1
corpus_set/table/table.csv	58	0	order0	65536	10805	2642	8163	0	11433	0	0	1
corpus_set/table/table.csv	58	0	order1_tok	65536	11212	2642	8570	0	11433	0	0	1
corpus_set/table/table.csv	58	0	order1_byte	65536	22804	10	22794	0	11433	0	0	1
corpus_set/table/table.csv	58	0	context	65536	11420	2646	8774	0	11433	102082	13741	1
corpus_set/table/table.csv	58	1	context	65536	11420	2646	8774	0	11433	97362	7565	1
corpus_set/table/table.csv	58	2	context	65536	11420	2646	8774	0	11433	96617	8216	1
corpus_set/table/table.csv	59	0	fold	65536	11297	3479	7818	0	11297	0	0	1
corpus_set/table/table.csv	59	0	order0	65536	10684	2578	8106	0	11297	0	0	1
corpus_set/table/table.csv	59	0	order1_tok	65536	11085	2578	8507	0	11297	0	0	1
corpus_set/table/table.csv	59	0	order1_byte	65536	22743	10	22733	0	11297	0	0	1
corpus_set/table/table.csv	59	0	context	65536	11280	2582	8698	0	11297	92672	7362	1
corpus_set/table/table.csv	59	1	context	65536	11280	2582	8698	0	11297	93657	7983	1
corpus_set/table/table.csv	59	2	context	65536	11280	2582	8698	0	11297	93806	8034	1
corpus_set/table/table.csv	60	0	fold	65536	11675	3784	7891	0	11675	0	0	1
corpus_set/table/table.csv	60	0	order0	65536	11010	2822	8188	0	11675	0	0	1
corpus_set/table/table.csv	60	0	order1_tok	65536	11375	2822	8553	0	11675	0	0	1
corpus_set/table/table.csv	60	0	order1_byte	65536	22797	10	22787	0	11675	0	0	1
corpus_set/table/table.csv	60	0	context	65536	11581	2826	8755	0	11675	103783	7655	1
corpus_set/table/table.csv	60	1	context	65536	11581	2826	8755	0	11675	100184	8833	1
corpus_set/table/table.csv	60	2	context	65536	11581	2826	8755	0	11675	99074	8346	1
corpus_set/table/table.csv	61	0	fold	65536	11362	3624	7738	0	11362	0	0	1
corpus_set/table/table.csv	61	0	order0	65536	10714	2694	8020	0	11362	0	0	1
corpus_set/table/table.csv	61	0	order1_tok	65536	11081	2694	8387	0	11362	0	0	1
corpus_set/table/table.csv	61	0	order1_byte	65536	22822	10	22812	0	11362	0	0	1
corpus_set/table/table.csv	61	0	context	65536	11233	2698	8535	0	11362	94197	7572	1
corpus_set/table/table.csv	61	1	context	65536	11233	2698	8535	0	11362	95289	7624	1
corpus_set/table/table.csv	61	2	context	65536	11233	2698	8535	0	11362	94479	7547	1
corpus_set/table/table.csv	62	0	fold	65536	11280	3549	7731	0	11280	0	0	1
corpus_set/table/table.csv	62	0	order0	65536	10649	2634	8015	0	11280	0	0	1
corpus_set/table/table.csv	62	0	order1_tok	65536	11017	2634	8383	0	11280	0	0	1
corpus_set/table/table.csv	62	0	order1_byte	65536	22735	10	22725	0	11280	0	0	1
corpus_set/table/table.csv	62	0	context	65536	11186	2638	8548	0	11280	96991	8457	1
corpus_set/table/table.csv	62	1	context	65536	11186	2638	8548	0	11280	95352	7849	1
corpus_set/table/table.csv	62	2	context	65536	11186	2638	8548	0	11280	93551	7949	1
corpus_set/table/table.csv	63	0	fold	65536	11668	3949	7719	0	11668	0	0	1
corpus_set/table/table.csv	63	0	order0	65536	10965	2954	8011	0	11668	0	0	1
corpus_set/table/table.csv	63	0	order1_tok	65536	11299	2954	8345	0	11668	0	0	1
corpus_set/table/table.csv	63	0	order1_byte	65536	22752	10	22742	0	11668	0	0	1
corpus_set/table/table.csv	63	0	context	65536	11476	2958	8518	0	11668	101791	8127	1
corpus_set/table/table.csv	63	1	context	65536	11476	2958	8518	0	11668	100547	8032	1
corpus_set/table/table.csv	63	2	context	65536	11476	2958	8518	0	11668	100881	8110	1
corpus_set/table/table.csv	64	0	fold	65536	11785	3939	7846	0	11785	0	0	1
corpus_set/table/table.csv	64	0	order0	65536	11087	2946	8141	0	11785	0	0	1
corpus_set/table/table.csv	64	0	order1_tok	65536	11452	2946	8506	0	11785	0	0	1
corpus_set/table/table.csv	64	0	order1_byte	65536	22582	10	22572	0	11785	0	0	1
corpus_set/table/table.csv	64	0	context	65536	11611	2950	8661	0	11785	107781	8516	1
corpus_set/table/table.csv	64	1	context	65536	11611	2950	8661	0	11785	102789	11462	1
corpus_set/table/table.csv	64	2	context	65536	11611	2950	8661	0	11785	108345	8352	1
corpus_set/table/table.csv	65	0	fold	65536	11048	3459	7589	0	11048	0	0	1
corpus_set/table/table.csv	65	0	order0	65536	10423	2562	7861	0	11048	0	0	1
corpus_set/table/table.csv	65	0	order1_tok	65536	10770	2562	8208	0	11048	0	0	1
corpus_set/table/table.csv	65	0	order1_byte	65536	22598	10	22588	0	11048	0	0	1
corpus_set/table/table.csv	65	0	context	65536	10929	2566	8363	0	11048	93514	8947	1
corpus_set/table/table.csv	65	1	context	65536	10929	2566	8363	0	11048	95038	8248	1
corpus_set/table/table.csv	65	2	context	65536	10929	2566	8363	0	11048	97612	7954	1
corpus_set/table/table.csv	66	0	fold	65536	11246	3739	7507	0	11246	0	0	1
corpus_set/table/table.csv	66	0	order0	65536	10586	2786	7800	0	11246	0	0	1
corpus_set/table/table.csv	66	0	order1_tok	65536	10968	2786	8182	0	11246	0	0	1
corpus_set/table/table.csv	66	0	order1_byte	65536	22682	10	22672	0	11246	0	0	1
corpus_set/table/table.csv	66	0	context	65536	11125	2790	8335	0	11246	103939	8959	1
corpus_set/table/table.csv	66	1	context	65536	11125	2790	8335	0	11246	102710	8632	1
corpus_set/table/table.csv	66	2	context	65536	11125	2790	8335	0	11246	100735	7863	1
corpus_set/table/table.csv	67	0	fold	65536	11191	3609	7582	0	11191	0	0	1
corpus_set/table/table.csv	67	0	order0	65536	10544	2682	7862	0	11191	0	0	1
corpus_set/table/table.csv	67	0	order1_tok	65536	10893	2682	8211	0	11191	0	0	1
corpus_set/table/table.csv	67	0	order1_byte	65536	22651	10	22641	0	11191	0	0	1
corpus_set/table/table.csv	67	0	context	65536	11030	2686	8344	0	11191	94262	7446	1
corpus_set/table/table.csv	67	1	context	65536	11030	2686	8344	0	11191	96336	8488	1
corpus_set/table/table.csv	67	2	context	65536	11030	2686	8344	0	11191	93269	7263	1
corpus_set/table/table.csv	68	0	fold	65536	11089	3349	7740	0	11089	0	0	1
corpus_set/table/table.csv	68	0	order0	65536	10491	2474	8017	0	11089	0	0	1
corpus_set/table/table.csv	68	0	order1_tok	65536	10868	2474	8394	0	11089	0	0	1
corpus_set/table/table.csv	68	0	order1_byte	65536	22601	10	22591	0	11089	0	0	1
corpus_set/table/table.csv	68	0	context	65536	11047	2478	8569	0	11089	96617	12887	1
corpus_set/table/table.csv	68	1	context	65536	11047	2478	8569	0	11089	94327	7576	1
corpus_set/table/table.csv	68	2	context	65536	11047	2478	8569	0	11089	93010	8166	1
corpus_set/table/table.csv	69	0	fold	65536	11170	3544	7626	0	11170	0	0	1
corpus_set/table/table.csv	69	0	order0	65536	10533	2630	7903	0	11170	0	0	1
corpus_set/table/table.csv	69	0	order1_tok	65536	10889	2630	8259	0	11170	0	0	1
corpus_set/table/table.csv	69	0	order1_byte	65536	22672	10	22662	0	11170	0	0	1
corpus_set/table/table.csv	69	0	context	65536	11040	2634	8406	0	11170	92535	8125	1
corpus_set/table/table.csv	69	1	context	65536	11040	2634	8406	0	11170	93041	8118	1
corpus_set/table/table.csv	69	2	context	65536	11040	2634	8406	0	11170	95770	13441	1
corpus_set/table/table.csv	70	0	fold	65536	11549	3819	7730	0	11549	0	0	1
corpus_set/table/table.csv	70	0	order0	65536	10872	2850	8022	0	11549	0	0	1
corpus_set/table/table.csv	70	0	order1_tok	65536	11222	2850	8372	0	11549	0	0	1
corpus_set/table/table.csv	70	0	order1_byte	65536	22666	10	22656	0	11549	0	0	1
corpus_set/table/table.csv	70	0	context	65536	11368	2854	8514	0	11549	103324	8215	1
corpus_set/table/table.csv	70	1	context	65536	11368	2854	8514	0	11549	100627	8019	1
corpus_set/table/table.csv	70	2	context	65536	11368	2854	8514	0	11549	100279	7678	1
corpus_set/table/table.csv	71	0	fold	65536	11672	3789	7883	0	11672	0	0	1
corpus_set/table/table.csv	71	0	order0	65536	11000	2826	8174	0	11672	0	0	1
corpus_set/table/table.csv	71	0	order1_tok	65536	11345	2826	8519	0	11672	0	0	1
corpus_set/table/table.csv	71	0	order1_byte	65536	22623	10	22613	0	11672	0	0	1
corpus_set/table/table.csv	71	0	context	65536	11532	2830	8702	0	11672	99379	8008	1
corpus_set/table/table.csv	71	1	context	65536	11532	2830	8702	0	11672	99076	8526	1
corpus_set/table/table.csv	71	2	context	65536	11532	2830	8702	0	11672	98611	7615	1
corpus_set/table/table.csv	72	0	fold	65536	11744	3994	7750	0	11744	0	0	1
corpus_set/table/table.csv	72	0	order0	65536	11034	2990	8044	0	11744	0	0	1
corpus_set/table/table.csv	72	0	order1_tok	65536	11363	2990	8373	0	11744	0	0	1
corpus_set/table/table.csv	72	0	order1_byte	65536	22696	10	22686	0	11744	0	0	1
corpus_set/table/table.csv	72	0	context	65536	11521	2994	8527	0	11744	99715	9568	1
corpus_set/table/table.csv	72	1	context	65536	11521	2994	8527	0	11744	99367	9906	1
corpus_set/table/table.csv	72	2	context	65536	11521	2994	8527	0	11744	101299	8161	1
corpus_set/table/table.csv	73	0	fold	65536	11541	3929	7612	0	11541	0	0	1
corpus_set/table/table.csv	73	0	order0	65536	10846	2938	7908	0	11541	0	0	1
corpus_set/table/table.csv	73	0	order1_tok	65536	11213	2938	8275	0	11541	0	0	1
corpus_set/table/table.csv	73	0	order1_byte	65536	22664	10	22654	0	11541	0	0	1
corpus_set/table/table.csv	73	0	context	65536	11343	2942	8401	0	11541	100830	8208	1
corpus_set/table/table.csv	73	1	context	65536	11343	2942	8401	0	11541	99669	8449	1
corpus_set/table/table.csv	73	2	context	65536	11343	2942	8401	0	11541	98801	8253	1
corpus_set/table/table.csv	74	0	fold	65536	10995	3289	7706	0	10995	0	0	1
corpus_set/table/table.csv	74	0	order0	65536	10408	2426	7982	0	10995	0	0	1
corpus_set/table/table.csv	74	0	order1_tok	65536	10776	2426	8350	0	10995	0	0	1
corpus_set/table/table.csv	74	0	order1_byte	65536	22619	10	22609	0	10995	0	0	1
corpus_set/table/table.csv	74	0	context	65536	10956	2430	8526	0	10995	92317	8102	1
corpus_set/table/table.csv	74	1	context	65536	10956	2430	8526	0	10995	93036	7847	1
corpus_set/table/table.csv	74	2	context	65536	10956	2430	8526	0	10995	90176	6970	1
corpus_set/table/table.csv	75	0	fold	65536	11304	3644	7660	0	11304	0	0	1
corpus_set/table/table.csv	75	0	order0	65536	10652	2710	7942	0	11304	0	0	1
corpus_set/table/table.csv	75	0	order1_tok	65536	10987	2710	8277	0	11304	0	0	1
corpus_set/table/table.csv	75	0	order1_byte	65536	22687	10	22677	0	11304	0	0	1
corpus_set/table/table.csv	75	0	context	65536	11173	2714	8459	0	11304	95826	11090	1
corpus_set/table/table.csv	75	1	context	65536	11173	2714	8459	0	11304	105211	13208	1
corpus_set/table/table.csv	75	2	context	65536	11173	2714	8459	0	11304	98416	8146	1
corpus_set/table/table.csv	76	0	fold	65536	11033	3549	7484	0	11033	0	0	1
corpus_set/table/table.csv	76	0	order0	65536	10395	2634	7761	0	11033	0	0	1
corpus_set/table/table.csv	76	0	order1_tok	65536	10754	2634	8120	0	11033	0	0	1
corpus_set/table/table.csv	76	0	order1_byte	65536	22626	10	22616	0	11033	0	0	1
corpus_set/table/table.csv	76	0	context	65536	10894	2638	8256	0	11033	90712	8500	1
corpus_set/table/table.csv	76	1	context	65536	10894	2638	8256	0	11033	93414	7598	1
corpus_set/table/table.csv	76	2	context	65536	10894	2638	8256	0	11033	92425	7551	1
corpus_set/table/table.csv	77	0	fold	65536	11169	3519	7650	0	11169	0	0	1
corpus_set/table/table.csv	77	0	order0	65536	10535	2610	7925	0	11169	0	0	1
corpus_set/table/table.csv	77	0	order1_tok	65536	10897	2610	8287	0	11169	0	0	1
corpus_set/table/table.csv	77	0	order1_byte	65536	22629	10	22619	0	11169	0	0	1
corpus_set/table/table.csv	77	0	context	65536	11039	2614	8425	0	11169	92666	7220	1
corpus_set/table/table.csv	77	1	context	65536	11039	2614	8425	0	11169	93970	7155	1
corpus_set/table/table.csv	77	2	context	65536	11039	2614	8425	0	11169	92424	7098	1
corpus_set/table/table.csv	78	0	fold	65536	11775	4019	7756	0	11775	0	0	1
corpus_set/table/table.csv	78	0	order0	65536	11064	3010	8054	0	11775	0	0	1
corpus_set/table/table.csv	78	0	order1_tok	65536	11424	3010	8414	0	11775	0	0	1
corpus_set/table/table.csv	78	0	order1_byte	65536	22779	10	22769	0	11775	0	0	1
corpus_set/table/table.csv	78	0	context	65536	11583	3014	8569	0	11775	102838	8324	1
corpus_set/table/table.csv	78	1	context	65536	11583	3014	8569	0	11775	104840	8495	1
corpus_set/table/table.csv	78	2	context	65536	11583	3014	8569	0	11775	103944	8271	1
corpus_set/table/table.csv	79	0	fold	65536	10745	3249	7496	0	10745	0	0	1
corpus_set/table/table.csv	79	0	order0	65536	10164	2394	7770	0	10745	0	0	1
corpus_set/table/table.csv	79	0	order1_tok	65536	10535	2394	8141	0	10745	0	0	1
corpus_set/table/table.csv	79	0	order1_byte	65536	22609	10	22599	0	10745	0	0	1
corpus_set/table/table.csv	79	0	context	65536	10671	2398	8273	0	10745	88905	7030	1
corpus_set/table/table.csv	79	1	context	65536	10671	2398	8273	0	10745	90656	11840	1
corpus_set/table/table.csv	79	2	context	65536	10671	2398	8273	0	10745	87441	8572	1
corpus_set/table/table.csv	80	0	fold	65536	12024	4099	7925	0	12024	0	0	1
corpus_set/table/table.csv	80	0	order0	65536	11302	3074	8228	0	12024	0	0	1
corpus_set/table/table.csv	80	0	order1_tok	65536	11673	3074	8599	0	12024	0	0	1
corpus_set/table/table.csv	80	0	order1_byte	65536	22604	10	22594	0	12024	0	0	1
corpus_set/table/table.csv	80	0	context	65536	11868	3078	8790	0	12024	105966	8057	1
corpus_set/table/table.csv	80	1	context	65536	11868	3078	8790	0	12024	109691	8293	1
corpus_set/table/table.csv	80	2	context	65536	11868	3078	8790	0	12024	106415	8223	1
corpus_set/table/table.csv	81	0	fold	65536	11288	3599	7689	0	11288	0	0	1
corpus_set/table/table.csv	81	0	order0	65536	10642	2674	7968	0	11288	0	0	1
corpus_set/table/table.csv	81	0	order1_tok	65536	10979	2674	8305	0	11288	0	0	1
corpus_set/table/table.csv	81	0	order1_byte	65536	22631	10	22621	0	11288	0	0	1
corpus_set/table/table.csv	81	0	context	65536	11126	2678	8448	0	11288	99387	7929	1
corpus_set/table/table.csv	81	1	context	65536	11126	2678	8448	0	11288	92864	11028	1
corpus_set/table/table.csv	81	2	context	65536	11126	2678	8448	0	11288	101886	7523	1
corpus_set/table/table.csv	82	0	fold	65536	11330	3754	7576	0	11330	0	0	1
corpus_set/table/table.csv	82	0	order0	65536	10653	2798	7855	0	11330	0	0	1
corpus_set/table/table.csv	82	0	order1_tok	65536	10977	2798	8179	0	11330	0	0	1
corpus_set/table/table.csv	82	0	order1_byte	65536	22714	10	22704	0	11330	0	0	1
corpus_set/table/table.csv	82	0	context	65536	11089	2802	8287	0	11330	98342	13561	1
corpus_set/table/table.csv	82	1	context	65536	11089	2802	8287	0	11330	96358	7729	1
corpus_set/table/table.csv	82	2	context	65536	11089	2802	8287	0	11330	98345	8049	1
corpus_set/table/table.csv	83	0	fold	65536	11680	3914	7766	0	11680	0	0	1
corpus_set/table/table.csv	83	0	order0	65536	10990	2926	8064	0	11680	0	0	1
corpus_set/table/table.csv	83	0	order1_tok	65536	11339	2926	8413	0	11680	0	0	1
corpus_set/table/table.csv	83	0	order1_byte	65536	22624	10	22614	0	11680	0	0	1
corpus_set/table/table.csv	83	0	context	65536	11511	2930	8581	0	11680	102043	8031	1
corpus_set/table/table.csv	83	1	context	65536	11511	2930	8581	0	11680	103813	8310	1
corpus_set/table/table.csv	83	2	context	65536	11511	2930	8581	0	11680	100205	7902	1
corpus_set/table/table.csv	84	0	fold	65536	11657	3784	7873	0	11657	0	0	1
corpus_set/table/table.csv	84	0	order0	65536	10990	2822	8168	0	11657	0	0	1
corpus_set/table/table.csv	84	0	order1_tok	65536	11363	2822	8541	0	11657	0	0	1
corpus_set/table/table.csv	84	0	order1_byte	65536	22674	10	22664	0	11657	0	0	1
corpus_set/table/table.csv	84	0	context	65536	11541	2826	8715	0	11657	102896	8683	1
corpus_set/table/table.csv	84	1	context	65536	11541	2826	8715	0	11657	106938	8892	1
corpus_set/table/table.csv	84	2	context	65536	11541	2826	8715	0	11657	107429	8561	1
corpus_set/table/table.csv	85	0	fold	65536	11685	3934	7751	0	11685	0	0	1
corpus_set/table/table.csv	85	0	order0	65536	10990	2942	8048	0	11685	0	0	1
corpus_set/table/table.csv	85	0	order1_tok	65536	11354	2942	8412	0	11685	0	0	1
corpus_set/table/table.csv	85	0	order1_byte	65536	22605	10	22595	0	11685	0	0	1
corpus_set/table/table.csv	85	0	context	65536	11516	2946	8570	0	11685	106602	9052	1
corpus_set/table/table.csv	85	1	context	65536	11516	2946	8570	0	11685	108212	9121	1
corpus_set/table/table.csv	85	2	context	65536	11516	2946	8570	0	11685	107067	8849	1
corpus_set/table/table.csv	86	0	fold	65536	11771	3804	7967	0	11771	0	0	1
corpus_set/table/table.csv	86	0	order0	65536	11101	2838	8263	0	11771	0	0	1
corpus_set/table/table.csv	86	0	order1_tok	65536	11509	2838	8671	0	11771	0	0	1
corpus_set/table/table.csv	86	0	order1_byte	65536	22614	10	22604	0	11771	0	0	1
corpus_set/table/table.csv	86	0	context	65536	11726	2842	8884	0	11771	109282	9135	1
corpus_set/table/table.csv	86	1	context	65536	11726	2842	8884	0	11771	108151	9091	1
corpus_set/table/table.csv	86	2	context	65536	11726	2842	8884	0	11771	107803	11591	1
corpus_set/table/table.csv	87	0	fold	65536	11327	3649	7678	0	11327	0	0	1
corpus_set/table/table.csv	87	0	order0	65536	10675	2714	7961	0	11327	0	0	1
corpus_set/table/table.csv	87	0	order1_tok	65536	11046	2714	8332	0	11327	0	0	1
corpus_set/table/table.csv	87	0	order1_byte	65536	22692	10	22682	0	11327	0	0	1
corpus_set/table/table.csv	87	0	context	65536	11194	2718	8476	0	11327	101708	7861	1
corpus_set/table/table.csv	87	1	context	65536	11194	2718	8476	0	11327	96920	9078	1
corpus_set/table/table.csv	87	2	context	65536	11194	2718	8476	0	11327	95252	9254	1
corpus_set/table/table.csv	88	0	fold	65536	11675	3869	7806	0	11675	0	0	1
corpus_set/table/table.csv	88	0	order0	65536	10990	2890	8100	0	11675	0	0	1
corpus_set/table/table.csv	88	0	order1_tok	65536	11353	2890	8463	0	11675	0	0	1
corpus_set/table/table.csv	88	0	order1_byte	65536	22602	10	22592	0	11675	0	0	1
corpus_set/table/table.csv	88	0	context	65536	11544	2894	8650	0	11675	102957	8352	1
corpus_set/table/table.csv	88	1	context	65536	11544	2894	8650	0	11675	101440	7956	1
corpus_set/table/table.csv	88	2	context	65536	11544	2894	8650	0	11675	102949	8617	1
corpus_set/table/table.csv	89	0	fold	65536	11757	3984	7773	0	11757	0	0	1
corpus_set/table/table.csv	89	0	order0	65536	11051	2982	8069	0	11757	0	0	1
corpus_set/table/table.csv	89	0	order1_tok	65536	11394	2982	8412	0	11757	0	0	1
corpus_set/table/table.csv	89	0	order1_byte	65536	22646	10	22636	0	11757	0	0	1
corpus_set/table/table.csv	89	0	context	65536	11585	2986	8599	0	11757	103424	8307	1
corpus_set/table/table.csv	89	1	context	65536	11585	2986	8599	0	11757	103068	9079	1
corpus_set/table/table.csv	89	2	context	65536	11585	2986	8599	0	11757	104155	8083	1
corpus_set/table/table.csv	90	0	fold	65536	11648	4034	7614	0	11648	0	0	1
corpus_set/table/table.csv	90	0	order0	65536	10928	3022	7906	0	11648	0	0	1
corpus_set/table/table.csv	90	0	order1_tok	65536	11261	3022	8239	0	11648	0	0	1
corpus_set/table/table.csv	90	0	order1_byte	65536	22681	10	22671	0	11648	0	0	1
corpus_set/table/table.csv	90	0	context	65536	11388	3026	8362	0	11648	102646	8079	1
corpus_set/table/table.csv	90	1	context	65536	11388	3026	8362	0	11648	102712	8076	1
corpus_set/table/table.csv	90	2	context	65536	11388	3026	8362	0	11648	101798	8082	1
corpus_set/table/table.csv	91	0	fold	65536	11838	3989	7849	0	11838	0	0	1
corpus_set/table/table.csv	91	0	order0	65536	11135	2986	8149	0	11838	0	0	1
corpus_set/table/table.csv	91	0	order1_tok	65536	11513	2986	8527	0	11838	0	0	1
corpus_set/table/table.csv	91	0	order1_byte	65536	22611	10	22601	0	11838	0	0	1
corpus_set/table/table.csv	91	0	context	65536	11714	2990	8724	0	11838	104428	8349	1
corpus_set/table/table.csv	91	1	context	65536	11714	2990	8724	0	11838	107390	8162	1
corpus_set/table/table.csv	91	2	context	65536	11714	2990	8724	0	11838	108351	8371	1
corpus_set/table/table.csv	92	0	fold	65536	11804	3859	7945	0	11804	0	0	1
corpus_set/table/table.csv	92	0	order0	65536	11123	2882	8241	0	11804	0	0	1
corpus_set/table/table.csv	92	0	order1_tok	65536	11503	2882	8621	0	11804	0	0	1
corpus_set/table/table.csv	92	0	order1_byte	65536	22659	10	22649	0	11804	0	0	1
corpus_set/table/table.csv	92	0	context	65536	11703	2886	8817	0	11804	102655	12159	1
corpus_set/table/table.csv	92	1	context	65536	11703	2886	8817	0	11804	111563	13921	1
corpus_set/table/table.csv	92	2	context	65536	11703	2886	8817	0	11804	105258	8497	1
corpus_set/table/table.csv	93	0	fold	65536	11630	3834	7796	0	11630	0	0	1
corpus_set/table/table.csv	93	0	order0	65536	10951	2862	8089	0	11630	0	0	1
corpus_set/table/table.csv	93	0	order1_tok	65536	11316	2862	8454	0	11630	0	0	1
corpus_set/table/table.csv	93	0	order1_byte	65536	22760	10	22750	0	11630	0	0	1
corpus_set/table/table.csv	93	0	context	65536	11495	2866	8629	0	11630	102279	7842	1
corpus_set/table/table.csv	93	1	context	65536	11495	2866	8629	0	11630	101758	7702	1
corpus_set/table/table.csv	93	2	context	65536	11495	2866	8629	0	11630	101602	7733	1
corpus_set/table/table.csv	94	0	fold	65536	11118	3424	7694	0	11118	0	0	1
corpus_set/table/table.csv	94	0	order0	65536	10506	2534	7972	0	11118	0	0	1
corpus_set/table/table.csv	94	0	order1_tok	65536	10871	2534	8337	0	11118	0	0	1
corpus_set/table/table.csv	94	0	order1_byte	65536	22639	10	22629	0	11118	0	0	1
corpus_set/table/table.csv	94	0	context	65536	11059	2538	8521	0	11118	91673	7504	1
corpus_set/table/table.csv	94	1	context	65536	11059	2538	8521	0	11118	92322	7163	1
corpus_set/table/table.csv	94	2	context	65536	11059	2538	8521	0	11118	92155	7017	1
corpus_set/table/table.csv	95	0	fold	65536	11232	3419	7813	0	11232	0	0	1
corpus_set/table/table.csv	95	0	order0	65536	10621	2530	8091	0	11232	0	0	1
corpus_set/table/table.csv	95	0	order1_tok	65536	10967	2530	8437	0	11232	0	0	1
corpus_set/table/table.csv	95	0	order1_byte	65536	22677	10	22667	0	11232	0	0	1
corpus_set/table/table.csv	95	0	context	65536	11178	2534	8644	0	11232	105596	7378	1
corpus_set/table/table.csv	95	1	context	65536	11178	2534	8644	0	11232	93299	7771	1
corpus_set/table/table.csv	95	2	context	65536	11178	2534	8644	0	11232	94901	7294	1
corpus_set/table/table.csv	96	0	fold	65536	11647	3944	7703	0	11647	0	0	1
corpus_set/table/table.csv	96	0	order0	65536	10953	2950	8003	0	11647	0	0	1
corpus_set/table/table.csv	96	0	order1_tok	65536	11318	2950	8368	0	11647	0	0	1
corpus_set/table/table.csv	96	0	order1_byte	65536	22716	10	22706	0	11647	0	0	1
corpus_set/table/table.csv	96	0	context	65536	11472	2954	8518	0	11647	100077	8018	1
corpus_set/table/table.csv	96	1	context	65536	11472	2954	8518	0	11647	102566	8097	1
corpus_set/table/table.csv	96	2	context	65536	11472	2954	8518	0	11647	101410	8007	1
corpus_set/table/table.csv	97	0	fold	65536	11806	4004	7802	0	11806	0	0	1
corpus_set/table/table.csv	97	0	order0	65536	11104	2998	8106	0	11806	0	0	1
corpus_set/table/table.csv	97	0	order1_tok	65536	11493	2998	8495	0	11806	0	0	1
corpus_set/table/table.csv	97	0	order1_byte	65536	22637	10	22627	0	11806	0	0	1
corpus_set/table/table.csv	97	0	context	65536	11785	3002	8783	0	11806	105740	8289	1
corpus_set/table/table.csv	97	1	context	65536	11785	3002	8783	0	11806	106083	8202	1
corpus_set/table/table.csv	97	2	context	65536	11785	3002	8783	0	11806	108557	8535	1
corpus_set/table/table.csv	98	0	fold	65536	11713	3864	7849	0	11713	0	0	1
corpus_set/table/table.csv	98	0	order0	65536	11031	2886	8145	0	11713	0	0	1
corpus_set/table/table.csv	98	0	order1_tok	65536	11405	2886	8519	0	11713	0	0	1
corpus_set/table/table.csv	98	0	order1_byte	65536	22688	10	22678	0	11713	0	0	1
corpus_set/table/table.csv	98	0	context	65536	11591	2890	8701	0	11713	105969	8313	1
corpus_set/table/table.csv	98	1	context	65536	11591	2890	8701	0	11713	100090	9630	1
corpus_set/table/table.csv	98	2	context	65536	11591	2890	8701	0	11713	108123	8409	1
corpus_set/table/table.csv	99	0	fold	65536	11110	3509	7601	0	11110	0	0	1
corpus_set/table/table.csv	99	0	order0	65536	10477	2602	7875	0	11110	0	0	1
corpus_set/table/table.csv	99	0	order1_tok	65536	10814	2602	8212	0	11110	0	0	1
corpus_set/table/table.csv	99	0	order1_byte	65536	22783	10	22773	0	11110	0	0	1
corpus_set/table/table.csv	99	0	context	65536	10944	2606	8338	0	11110	92367	7556	1
corpus_set/table/table.csv	99	1	context	65536	10944	2606	8338	0	11110	91329	8051	1
corpus_set/table/table.csv	99	2	context	65536	10944	2606	8338	0	11110	92230	7506	1
corpus_set/table/table.csv	100	0	fold	65536	11694	3889	7805	0	11694	0	0	1
corpus_set/table/table.csv	100	0	order0	65536	11013	2906	8107	0	11694	0	0	1
corpus_set/table/table.csv	100	0	order1_tok	65536	11403	2906	8497	0	11694	0	0	1
corpus_set/table/table.csv	100	0	order1_byte	65536	22614	10	22604	0	11694	0	0	1
corpus_set/table/table.csv	100	0	context	65536	11702	2910	8792	0	11694	102574	8588	1
corpus_set/table/table.csv	100	1	context	65536	11702	2910	8792	0	11694	102910	8170	1
corpus_set/table/table.csv	100	2	context	65536	11702	2910	8792	0	11694	102380	8037	1
corpus_set/table/table.csv	101	0	fold	65536	11887	3709	8178	0	11887	0	0	1
corpus_set/table/table.csv	101	0	order0	65536	11237	2762	8475	0	11887	0	0	1
corpus_set/table/table.csv	101	0	order1_tok	65536	11694	2762	8932	0	11887	0	0	1
corpus_set/table/table.csv	101	0	order1_byte	65536	22723	10	22713	0	11887	0	0	1
corpus_set/table/table.csv	101	0	context	65536	11985	2766	9219	0	11887	102191	8448	1
corpus_set/table/table.csv	101	1	context	65536	11985	2766	9219	0	11887	101757	7869	1
corpus_set/table/table.csv	101	2	context	65536	11985	2766	9219	0	11887	101146	7866	1
corpus_set/table/table.csv	102	0	fold	65536	11380	3694	7686	0	11380	0	0	1
corpus_set/table/table.csv	102	0	order0	65536	10725	2750	7975	0	11380	0	0	1
corpus_set/table/table.csv	102	0	order1_tok	65536	11106	2750	8356	0	11380	0	0	1
corpus_set/table/table.csv	102	0	order1_byte	65536	22686	10	22676	0	11380	0	0	1
corpus_set/table/table.csv	102	0	context	65536	11298	2754	8544	0	11380	96489	8200	1
corpus_set/table/table.csv	102	1	context	65536	11298	2754	8544	0	11380	95942	8530	1
corpus_set/table/table.csv	102	2	context	65536	11298	2754	8544	0	11380	97553	14108	1
corpus_set/table/table.csv	103	0	fold	65536	11519	3724	7795	0	11519	0	0	1
corpus_set/table/table.csv	103	0	order0	65536	10864	2774	8090	0	11519	0	0	1
corpus_set/table/table.csv	103	0	order1_tok	65536	11231	2774	8457	0	11519	0	0	1
corpus_set/table/table.csv	103	0	order1_byte	65536	22620	10	22610	0	11519	0	0	1
corpus_set/table/table.csv	103	0	context	65536	11440	2778	8662	0	11519	98965	7837	1
corpus_set/table/table.csv	103	1	context	65536	11440	2778	8662	0	11519	98689	7653	1
corpus_set/table/table.csv	103	2	context	65536	11440	2778	8662	0	11519	106038	8203	1
corpus_set/table/table.csv	104	0	fold	65536	11874	3869	8005	0	11874	0	0	1
corpus_set/table/table.csv	104	0	order0	65536	11192	2890	8302	0	11874	0	0	1
corpus_set/table/table.csv	104	0	order1_tok	65536	11572	2890	8682	0	11874	0	0	1
corpus_set/table/table.csv	104	0	order1_byte	65536	22712	10	22702	0	11874	0	0	1
corpus_set/table/table.csv	104	0	context	65536	11782	2894	8888	0	11874	100980	8147	1
corpus_set/table/table.csv	104	1	context	65536	11782	2894	8888	0	11874	103198	7955	1
corpus_set/table/table.csv	104	2	context	65536	11782	2894	8888	0	11874	107809	7986	1
corpus_set/table/table.csv	105	0	fold	65536	11602	3829	7773	0	11602	0	0	1
corpus_set/table/table.csv	105	0	order0	65536	10927	2858	8069	0	11602	0	0	1
corpus_set/table/table.csv	105	0	order1_tok	65536	11291	2858	8433	0	11602	0	0	1
corpus_set/table/table.csv	105	0	order1_byte	65536	22690	10	22680	0	11602	0	0	1
corpus_set/table/table.csv	105	0	context	65536	11487	2862	8625	0	11602	100318	8213	1
corpus_set/table/table.csv	105	1	context	65536	11487	2862	8625	0	11602	100226	7973	1
corpus_set/table/table.csv	105	2	context	65536	11487	2862	8625	0	11602	100540	8165	1
corpus_set/table/table.csv	106	0	fold	65536	11651	3904	7747	0	11651	0	0	1
corpus_set/table/table.csv	106	0	order0	65536	10959	2918	8041	0	11651	0	0	1
corpus_set/table/table.csv	106	0	order1_tok	65536	11303	2918	8385	0	11651	0	0	1
corpus_set/table/table.csv	106	0	order1_byte	65536	22644	10	22634	0	11651	0	0	1
corpus_set/table/table.csv	106	0	context	65536	11455	2922	8533	0	11651	98510	8022	1
corpus_set/table/table.csv	106	1	context	65536	11455	2922	8533	0	11651	98058	7830	1
corpus_set/table/table.csv	106	2	context	65536	11455	2922	8533	0	11651	98857	7637	1
corpus_set/table/table.csv	107	0	fold	65536	11715	3894	7821	0	11715	0	0	1
corpus_set/table/table.csv	107	0	order0	65536	11022	2910	8112	0	11715	0	0	1
corpus_set/table/table.csv	107	0	order1_tok	65536	11382	2910	8472	0	11715	0	0	1
corpus_set/table/table.csv	107	0	order1_byte	65536	22727	10	22717	0	11715	0	0	1
corpus_set/table/table.csv	107	0	context	65536	11539	2914	8625	0	11715	101097	7722	1
corpus_set/table/table.csv	107	1	context	65536	11539	2914	8625	0	11715	101134	7929	1
corpus_set/table/table.csv	107	2	context	65536	11539	2914	8625	0	11715	100432	7691	1
corpus_set/table/table.csv	108	0	fold	65536	10990	3369	7621	0	10990	0	0	1
corpus_set/table/table.csv	108	0	order0	65536	10386	2490	7896	0	10990	0	0	1
corpus_set/table/table.csv	108	0	order1_tok	65536	10733	2490	8243	0	10990	0	0	1
corpus_set/table/table.csv	108	0	order1_byte	65536	22695	10	22685	0	10990	0	0	1
corpus_set/table/table.csv	108	0	context	65536	10886	2494	8392	0	10990	89914	7644	1
corpus_set/table/table.csv	108	1	context	65536	10886	2494	8392	0	10990	88784	6787	1
corpus_set/table/table.csv	108	2	context	65536	10886	2494	8392	0	10990	90733	11733	1
corpus_set/table/table.csv	109	0	fold	65536	11237	3484	7753	0	11237	0	0	1
corpus_set/table/table.csv	109	0	order0	65536	10616	2582	8034	0	11237	0	0	1
corpus_set/table/table.csv	109	0	order1_tok	65536	10983	2582	8401	0	11237	0	0	1
corpus_set/table/table.csv	109	0	order1_byte	65536	22639	10	22629	0	11237	0	0	1
corpus_set/table/table.csv	109	0	context	65536	11146	2586	8560	0	11237	91576	9669	1
corpus_set/table/table.csv	109	1	context	65536	11146	2586	8560	0	11237	97459	9270	1
corpus_set/table/table.csv	109	2	context	65536	11146	2586	8560	0	11237	97607	7511	1
corpus_set/table/table.csv	110	0	fold	65536	11801	3854	7947	0	11801	0	0	1
corpus_set/table/table.csv	110	0	order0	65536	11118	2878	8240	0	11801	0	0	1
corpus_set/table/table.csv	110	0	order1_tok	65536	11480	2878	8602	0	11801	0	0	1
corpus_set/table/table.csv	110	0	order1_byte	65536	22696	10	22686	0	11801	0	0	1
corpus_set/table/table.csv	110	0	context	65536	11699	2882	8817	0	11801	100583	7890	1
corpus_set/table/table.csv	110	1	context	65536	11699	2882	8817	0	11801	101793	8332	1
corpus_set/table/table.csv	110	2	context	65536	11699	2882	8817	0	11801	100332	7804	1
corpus_set/table/table.csv	111	0	fold	65536	11719	3629	8090	0	11719	0	0	1
corpus_set/table/table.csv	111	0	order0	65536	11075	2698	8377	0	11719	0	0	1
corpus_set/table/table.csv	111	0	order1_tok	65536	11432	2698	8734	0	11719	0	0	1
corpus_set/table/table.csv	111	0	order1_byte	65536	22682	10	22672	0	11719	0	0	1
corpus_set/table/table.csv	111	0	context	65536	11610	2702	8908	0	11719	96232	7616	1
corpus_set/table/table.csv	111	1	context	65536	11610	2702	8908	0	11719	98611	13981	1
corpus_set/table/table.csv	111	2	context	65536	11610	2702	8908	0	11719	97485	7698	1
corpus_set/table/table.csv	112	0	fold	65536	11648	3884	7764	0	11648	0	0	1
corpus_set/table/table.csv	112	0	order0	65536	10967	2902	8065	0	11648	0	0	1
corpus_set/table/table.csv	112	0	order1_tok	65536	11338	2902	8436	0	11648	0	0	1
corpus_set/table/table.csv	112	0	order1_byte	65536	22619	10	22609	0	11648	0	0	1
corpus_set/table/table.csv	112	0	context	65536	11515	2906	8609	0	11648	98687	7892	1
corpus_set/table/table.csv	112	1	context	65536	11515	2906	8609	0	11648	99114	8028	1
corpus_set/table/table.csv	112	2	context	65536	11515	2906	8609	0	11648	102924	7883	1
corpus_set/table/table.csv	113	0	fold	65536	11101	3389	7712	0	11101	0	0	1
corpus_set/table/table.csv	113	0	order0	65536	10498	2506	7992	0	11101	0	0	1
corpus_set/table/table.csv	113	0	order1_tok	65536	10873	2506	8367	0	11101	0	0	1
corpus_set/table/table.csv	113	0	order1_byte	65536	22716	10	22706	0	11101	0	0	1
corpus_set/table/table.csv	113	0	context	65536	11058	2510	8548	0	11101	91359	7292	1
corpus_set/table/table.csv	113	1	context	65536	11058	2510	8548	0	11101	90399	7356	1
corpus_set/table/table.csv	113	2	context	65536	11058	2510	8548	0	11101	89993	7185	1
corpus_set/table/table.csv	114	0	fold	65536	11661	3934	7727	0	11661	0	0	1
corpus_set/table/table.csv	114	0	order0	65536	10965	2942	8023	0	11661	0	0	1
corpus_set/table/table.csv	114	0	order1_tok	65536	11303	2942	8361	0	11661	0	0	1
corpus_set/table/table.csv	114	0	order1_byte	65536	22665	10	22655	0	11661	0	0	1
corpus_set/table/table.csv	114	0	context	65536	11477	2946	8531	0	11661	97455	7964	1
corpus_set/table/table.csv	114	1	context	65536	11477	2946	8531	0	11661	97588	7869	1
corpus_set/table/table.csv	114	2	context	65536	11477	2946	8531	0	11661	97881	7948	1
corpus_set/table/table.csv	115	0	fold	65536	11111	3399	7712	0	11111	0	0	1
corpus_set/table/table.csv	115	0	order0	65536	10503	2514	7989	0	11111	0	0	1
corpus_set/table/table.csv	115	0	order1_tok	65536	10869	2514	8355	0	11111	0	0	1
corpus_set/table/table.csv	115	0	order1_byte	65536	22651	10	22641	0	11111	0	0	1
corpus_set/table/table.csv	115	0	context	65536	11048	2518	8530	0	11111	94602	11987	1
corpus_set/table/table.csv	115	1	context	65536	11048	2518	8530	0	11111	92855	12162	1
corpus_set/table/table.csv	115	2	context	65536	11048	2518	8530	0	11111	91358	7038	1
corpus_set/table/table.csv	116	0	fold	65536	11690	3609	8081	0	11690	0	0	1
corpus_set/table/table.csv	116	0	order0	65536	11054	2682	8372	0	11690	0	0	1
corpus_set/table/table.csv	116	0	order1_tok	65536	11437	2682	8755	0	11690	0	0	1
corpus_set/table/table.csv	116	0	order1_byte	65536	22793	10	22783	0	11690	0	0	1
corpus_set/table/table.csv	116	0	context	65536	11626	2686	8940	0	11690	96793	8152	1
corpus_set/table/table.csv	116	1	context	65536	11626	2686	8940	0	11690	96390	7698	1
corpus_set/table/table.csv	116	2	context	65536	11626	2686	8940	0	11690	96588	7554	1
corpus_set/table/table.csv	117	0	fold	65536	11695	3874	7821	0	11695	0	0	1
corpus_set/table/table.csv	117	0	order0	65536	11013	2894	8119	0	11695	0	0	1
corpus_set/table/table.csv	117	0	order1_tok	65536	11395	2894	8501	0	11695	0	0	1
corpus_set/table/table.csv	117	0	order1_byte	65536	22644	10	22634	0	11695	0	0	1
corpus_set/table/table.csv	117	0	context	65536	11596	2898	8698	0	11695	100589	8327	1
corpus_set/table/table.csv	117	1	context	65536	11596	2898	8698	0	11695	100449	7913	1
corpus_set/table/table.csv	117	2	context	65536	11596	2898	8698	0	11695	100322	7815	1
corpus_set/table/table.csv	118	0	fold	65536	11242	3479	7763	0	11242	0	0	1
corpus_set/table/table.csv	118	0	order0	65536	10624	2578	8046	0	11242	0	0	1
corpus_set/table/table.csv	118	0	order1_tok	65536	11018	2578	8440	0	11242	0	0	1
corpus_set/table/table.csv	118	0	order1_byte	65536	22640	10	22630	0	11242	0	0	1
corpus_set/table/table.csv	118	0	context	65536	11203	2582	8621	0	11242	92923	7986	1
corpus_set/table/table.csv	118	1	context	65536	11203	2582	8621	0	11242	93554	8145	1
corpus_set/table/table.csv	118	2	context	65536	11203	2582	8621	0	11242	93990	7827	1
corpus_set/table/table.csv	119	0	fold	65536	11629	3779	7850	0	11629	0	0	1
corpus_set/table/table.csv	119	0	order0	65536	10955	2818	8137	0	11629	0	0	1
corpus_set/table/table.csv	119	0	order1_tok	65536	11309	2818	8491	0	11629	0	0	1
corpus_set/table/table.csv	119	0	order1_byte	65536	22701	10	22691	0	11629	0	0	1
corpus_set/table/table.csv	119	0	context	65536	11476	2822	8654	0	11629	100423	8378	1
corpus_set/table/table.csv	119	1	context	65536	11476	2822	8654	0	11629	100114	8601	1
corpus_set/table/table.csv	119	2	context	65536	11476	2822	8654	0	11629	99276	8065	1
corpus_set/table/table.csv	120	0	fold	65536	11160	3449	7711	0	11160	0	0	1
corpus_set/table/table.csv	120	0	order0	65536	10543	2554	7989	0	11160	0	0	1
corpus_set/table/table.csv	120	0	order1_tok	65536	10900	2554	8346	0	11160	0	0	1
corpus_set/table/table.csv	120	0	order1_byte	65536	22637	10	22627	0	11160	0	0	1
corpus_set/table/table.csv	120	0	context	65536	11087	2558	8529	0	11160	96489	13052	1
corpus_set/table/table.csv	120	1	context	65536	11087	2558	8529	0	11160	94750	8780	1
corpus_set/table/table.csv	120	2	context	65536	11087	2558	8529	0	11160	93396	7927	1
corpus_set/table/table.csv	121	0	fold	65536	11710	3889	7821	0	11710	0	0	1
corpus_set/table/table.csv	121	0	order0	65536	11024	2906	8118	0	11710	0	0	1
corpus_set/table/table.csv	121	0	order1_tok	65536	11392	2906	8486	0	11710	0	0	1
corpus_set/table/table.csv	121	0	order1_byte	65536	22675	10	22665	0	11710	0	0	1
corpus_set/table/table.csv	121	0	context	65536	11582	2910	8672	0	11710	107267	8598	1
corpus_set/table/table.csv	121	1	context	65536	11582	2910	8672	0	11710	102653	8256	1
corpus_set/table/table.csv	121	2	context	65536	11582	2910	8672	0	11710	103741	8443	1
corpus_set/table/table.csv	122	0	fold	65536	11821	3884	7937	0	11821	0	0	1
corpus_set/table/table.csv	122	0	order0	65536	11138	2902	8236	0	11821	0	0	1
corpus_set/table/table.csv	122	0	order1_tok	65536	11527	2902	8625	0	11821	0	0	1
corpus_set/table/table.csv	122	0	order1_byte	65536	22704	10	22694	0	11821	0	0	1
corpus_set/table/table.csv	122	0	context	65536	11753	2906	8847	0	11821	106944	14720	1
corpus_set/table/table.csv	122	1	context	65536	11753	2906	8847	0	11821	104894	8831	1
corpus_set/table/table.csv	122	2	context	65536	11753	2906	8847	0	11821	105921	8494	1
corpus_set/table/table.csv	123	0	fold	65536	11477	3699	7778	0	11477	0	0	1
corpus_set/table/table.csv	123	0	order0	65536	10828	2754	8074	0	11477	0	0	1
corpus_set/table/table.csv	123	0	order1_tok	65536	11261	2754	8507	0	11477	0	0	1
corpus_set/table/table.csv	123	0	order1_byte	65536	22640	10	22630	0	11477	0	0	1
corpus_set/table/table.csv	123	0	context	65536	11573	2758	8815	0	11477	101060	8097	1
corpus_set/table/table.csv	123	1	context	65536	11573	2758	8815	0	11477	101651	8675	1
corpus_set/table/table.csv	123	2	context	65536	11573	2758	8815	0	11477	101196	7961	1
corpus_set/table/table.csv	124	0	fold	65536	11643	3869	7774	0	11643	0	0	1
corpus_set/table/table.csv	124	0	order0	65536	10960	2890	8070	0	11643	0	0	1
corpus_set/table/table.csv	124	0	order1_tok	65536	11312	2890	8422	0	11643	0	0	1
corpus_set/table/table.csv	124	0	order1_byte	65536	22696	10	22686	0	11643	0	0	1
corpus_set/table/table.csv	124	0	context	65536	11477	2894	8583	0	11643	102180	8940	1
corpus_set/table/table.csv	124	1	context	65536	11477	2894	8583	0	11643	104120	8450	1
corpus_set/table/table.csv	124	2	context	65536	11477	2894	8583	0	11643	101155	8554	1
corpus_set/table/table.csv	125	0	fold	65536	11604	4039	7565	0	11604	0	0	1
corpus_set/table/table.csv	125	0	order0	65536	10885	3026	7859	0	11604	0	0	1
corpus_set/table/table.csv	125	0	order1_tok	65536	11211	3026	8185	0	11604	0	0	1
corpus_set/table/table.csv	125	0	order1_byte	65536	22725	10	22715	0	11604	0	0	1
corpus_set/table/table.csv	125	0	context	65536	11348	3030	8318	0	11604	101205	8618	1
corpus_set/table/table.csv	125	1	context	65536	11348	3030	8318	0	11604	104553	9511	1
corpus_set/table/table.csv	125	2	context	65536	11348	3030	8318	0	11604	102268	8482	1
corpus_set/table/table.csv	126	0	fold	65536	11726	3884	7842	0	11726	0	0	1
corpus_set/table/table.csv	126	0	order0	65536	11041	2902	8139	0	11726	0	0	1
corpus_set/table/table.csv	126	0	order1_tok	65536	11427	2902	8525	0	11726	0	0	1
corpus_set/table/table.csv	126	0	order1_byte	65536	22667	10	22657	0	11726	0	0	1
corpus_set/table/table.csv	126	0	context	65536	11740	2906	8834	0	11726	106002	8775	1
corpus_set/table/table.csv	126	1	context	65536	11740	2906	8834	0	11726	107919	8372	1
corpus_set/table/table.csv	126	2	context	65536	11740	2906	8834	0	11726	105944	8593	1
corpus_set/table/table.csv	127	0	fold	65536	11649	3859	7790	0	11649	0	0	1
corpus_set/table/table.csv	127	0	order0	65536	10968	2882	8086	0	11649	0	0	1
corpus_set/table/table.csv	127	0	order1_tok	65536	11340	2882	8458	0	11649	0	0	1
corpus_set/table/table.csv	127	0	order1_byte	65536	22663	10	22653	0	11649	0	0	1
corpus_set/table/table.csv	127	0	context	65536	11503	2886	8617	0	11649	101849	8942	1
corpus_set/table/table.csv	127	1	context	65536	11503	2886	8617	0	11649	102633	8802	1
corpus_set/table/table.csv	127	2	context	65536	11503	2886	8617	0	11649	101822	8590	1
corpus_set/table/table.csv	128	0	fold	65536	11025	3319	7706	0	11025	0	0	1
corpus_set/table/table.csv	128	0	order0	65536	10427	2450	7977	0	11025	0	0	1
corpus_set/table/table.csv	128	0	order1_tok	65536	10775	2450	8325	0	11025	0	0	1
corpus_set/table/table.csv	128	0	order1_byte	65536	22762	10	22752	0	11025	0	0	1
corpus_set/table/table.csv	128	0	context	65536	10953	2454	8499	0	11025	99747	7858	1
corpus_set/table/table.csv	128	1	context	65536	10953	2454	8499	0	11025	92190	7643	1
corpus_set/table/table.csv	128	2	context	65536	10953	2454	8499	0	11025	91151	8137	1
corpus_set/table/table.csv	129	0	fold	65536	11734	3804	7930	0	11734	0	0	1
corpus_set/table/table.csv	129	0	order0	65536	11064	2838	8226	0	11734	0	0	1
corpus_set/table/table.csv	129	0	order1_tok	65536	11441	2838	8603	0	11734	0	0	1
corpus_set/table/table.csv	129	0	order1_byte	65536	22661	10	22651	0	11734	0	0	1
corpus_set/table/table.csv	129	0	context	65536	11645	2842	8803	0	11734	105640	8870	1
corpus_set/table/table.csv	129	1	context	65536	11645	2842	8803	0	11734	103167	8445	1
corpus_set/table/table.csv	129	2	context	65536	11645	2842	8803	0	11734	101882	8635	1
corpus_set/table/table.csv	130	0	fold	65536	11547	3789	7758	0	11547	0	0	1
corpus_set/table/table.csv	130	0	order0	65536	10878	2826	8052	0	11547	0	0	1
corpus_set/table/table.csv	130	0	order1_tok	65536	11233	2826	8407	0	11547	0	0	1
corpus_set/table/table.csv	130	0	order1_byte	65536	22696	10	22686	0	11547	0	0	1
corpus_set/table/table.csv	130	0	context	65536	11408	2830	8578	0	11547	103960	8614	1
corpus_set/table/table.csv	130	1	context	65536	11408	2830	8578	0	11547	102762	9878	1
corpus_set/table/table.csv	130	2	context	65536	11408	2830	8578	0	11547	101626	8664	1
corpus_set/table/table.csv	131	0	fold	65536	11634	3704	7930	0	11634	0	0	1
corpus_set/table/table.csv	131	0	order0	65536	10978	2758	8220	0	11634	0	0	1
corpus_set/table/table.csv	131	0	order1_tok	65536	11336	2758	8578	0	11634	0	0	1
corpus_set/table/table.csv	131	0	order1_byte	65536	22803	10	22793	0	11634	0	0	1
corpus_set/table/table.csv	131	0	context	65536	11531	2762	8769	0	11634	99853	8475	1
corpus_set/table/table.csv	131	1	context	65536	11531	2762	8769	0	11634	99480	8032	1
corpus_set/table/table.csv	131	2	context	65536	11531	2762	8769	0	11634	99315	8021	1
corpus_set/table/table.csv	132	0	fold	65536	11092	3434	7658	0	11092	0	0	1
corpus_set/table/table.csv	132	0	order0	65536	10481	2542	7939	0	11092	0	0	1
corpus_set/table/table.csv	132	0	order1_tok	65536	10859	2542	8317	0	11092	0	0	1
corpus_set/table/table.csv	132	0	order1_byte	65536	22725	10	22715	0	11092	0	0	1
corpus_set/table/table.csv	132	0	context	65536	11044	2546	8498	0	11092	93052	7642	1
corpus_set/table/table.csv	132	1	context	65536	11044	2546	8498	0	11092	92665	7970	1
corpus_set/table/table.csv	132	2	context	65536	11044	2546	8498	0	11092	94332	14658	1
corpus_set/table/table.csv	133	0	fold	65536	11013	3404	7609	0	11013	0	0	1
corpus_set/table/table.csv	133	0	order0	65536	10404	2518	7886	0	11013	0	0	1
corpus_set/table/table.csv	133	0	order1_tok	65536	10782	2518	8264	0	11013	0	0	1
corpus_set/table/table.csv	133	0	order1_byte	65536	22753	10	22743	0	11013	0	0	1
corpus_set/table/table.csv	133	0	context	65536	10947	2522	8425	0	11013	92438	7924	1
corpus_set/table/table.csv	133	1	context	65536	10947	2522	8425	0	11013	91491	8767	1
corpus_set/table/table.csv	133	2	context	65536	10947	2522	8425	0	11013	91503	7727	1
corpus_set/table/table.csv	134	0	fold	65536	11171	3604	7567	0	11171	0	0	1
corpus_set/table/table.csv	134	0	order0	65536	10526	2678	7848	0	11171	0	0	1
corpus_set/table/table.csv	134	0	order1_tok	65536	10884	2678	8206	0	11171	0	0	1
corpus_set/table/table.csv	134	0	order1_byte	65536	22723	10	22713	0	11171	0	0	1
corpus_set/table/table.csv	134	0	context	65536	11014	2682	8332	0	11171	96953	8029	1
corpus_set/table/table.csv	134	1	context	65536	11014	2682	8332	0	11171	95353	7861	1
corpus_set/table/table.csv	134	2	context	65536	11014	2682	8332	0	11171	94711	7816	1
corpus_set/table/table.csv	135	0	fold	65536	11638	3794	7844	0	11638	0	0	1
corpus_set/table/table.csv	135	0	order0	65536	10967	2830	8137	0	11638	0	0	1
corpus_set/table/table.csv	135	0	order1_tok	65536	11342	2830	8512	0	11638	0	0	1
corpus_set/table/table.csv	135	0	order1_byte	65536	22673	10	22663	0	11638	0	0	1
corpus_set/table/table.csv	135	0	context	65536	11511	2834	8677	0	11638	100888	9019	1
corpus_set/table/table.csv	135	1	context	65536	11511	2834	8677	0	11638	100963	8980	1
corpus_set/table/table.csv	135	2	context	65536	11511	2834	8677	0	11638	100044	8725	1
corpus_set/table/table.csv	136	0	fold	65536	11523	3749	7774	0	11523	0	0	1
corpus_set/table/table.csv	136	0	order0	65536	10861	2794	8067	0	11523	0	0	1
corpus_set/table/table.csv	136	0	order1_tok	65536	11225	2794	8431	0	11523	0	0	1
corpus_set/table/table.csv	136	0	order1_byte	65536	22724	10	22714	0	11523	0	0	1
corpus_set/table/table.csv	136	0	context	65536	11395	2798	8597	0	11523	101687	8358	1
corpus_set/table/table.csv	136	1	context	65536	11395	2798	8597	0	11523	100080	8052	1
corpus_set/table/table.csv	136	2	context	65536	11395	2798	8597	0	11523	99777	8304	1
corpus_set/table/table.csv	137	0	fold	65536	11556	3809	7747	0	11556	0	0	1
corpus_set/table/table.csv	137	0	order0	65536	10883	2842	8041	0	11556	0	0	1
corpus_set/table/table.csv	137	0	order1_tok	65536	11245	2842	8403	0	11556	0	0	1
corpus_set/table/table.csv	137	0	order1_byte	65536	22742	10	22732	0	11556	0	0	1
corpus_set/table/table.csv	137	0	context	65536	11424	2846	8578	0	11556	99409	9598	1
corpus_set/table/table.csv	137	1	context	65536	11424	2846	8578	0	11556	99916	10398	1
corpus_set/table/table.csv	137	2	context	65536	11424	2846	8578	0	11556	99546	9159	1
corpus_set/table/table.csv	138	0	fold	65536	11722	3809	7913	0	11722	0	0	1
corpus_set/table/table.csv	138	0	order0	65536	11053	2842	8211	0	11722	0	0	1
corpus_set/table/table.csv	138	0	order1_tok	65536	11441	2842	8599	0	11722	0	0	1
corpus_set/table/table.csv	138	0	order1_byte	65536	22669	10	22659	0	11722	0	0	1
corpus_set/table/table.csv	138	0	context	65536	11684	2846	8838	0	11722	102068	8215	1
corpus_set/table/table.csv	138	1	context	65536	11684	2846	8838	0	11722	103680	8801	1
corpus_set/table/table.csv	138	2	context	65536	11684	2846	8838	0	11722	102059	8455	1
corpus_set/table/table.csv	139	0	fold	19337	4378	2044	2334	0	4378	0	0	1
corpus_set/table/table.csv	139	0	order0	19337	3938	1430	2508	0	4378	0	0	1
corpus_set/table/table.csv	139	0	order1_tok	19337	4108	1430	2678	0	4378	0	0	1
corpus_set/table/table.csv	139	0	order1_byte	19337	8131	10	8121	0	4378	0	0	1
corpus_set/table/table.csv	139	0	context	19337	4158	1434	2724	0	4378	20468	4310	1
corpus_set/table/table.csv	139	1	context	19337	4158	1434	2724	0	4378	21077	3892	1
corpus_set/table/table.csv	139	2	context	19337	4158	1434	2724	0	4378	21108	3937	1
corpus_set/text-large/large.txt	0	0	fold	65536	19419	3919	15500	0	19419	0	0	1
corpus_set/text-large/large.txt	0	0	order0	65536	18771	2930	15841	0	19419	0	0	1
corpus_set/text-large/large.txt	0	0	order1_tok	65536	19533	2930	16603	0	19419	0	0	1
corpus_set/text-large/large.txt	0	0	order1_byte	65536	29935	10	29925	0	19419	0	0	1
corpus_set/text-large/large.txt	0	0	context	65536	20529	2934	17595	0	19419	153878	10369	1
corpus_set/text-large/large.txt	0	1	context	65536	20529	2934	17595	0	19419	156210	10336	1
corpus_set/text-large/large.txt	0	2	context	65536	20529	2934	17595	0	19419	155217	10342	1
corpus_set/text-large/large.txt	1	0	fold	65536	19519	3984	15535	0	19519	0	0	1
corpus_set/text-large/large.txt	1	0	order0	65536	18857	2982	15875	0	19519	0	0	1
corpus_set/text-large/large.txt	1	0	order1_tok	65536	19583	2982	16601	0	19519	0	0	1
corpus_set/text-large/large.txt	1	0	order1_byte	65536	30071	10	30061	0	19519	0	0	1
corpus_set/text-large/large.txt	1	0	context	65536	20457	2986	17471	0	19519	154515	10789	1
corpus_set/text-large/large.txt	1	1	context	65536	20457	2986	17471	0	19519	155971	11372	1
corpus_set/text-large/large.txt	1	2	context	65536	20457	2986	17471	0	19519	160062	10515	1
corpus_set/text-large/large.txt	2	0	fold	65536	19213	4059	15154	0	19213	0	0	1
corpus_set/text-large/large.txt	2	0	order0	65536	18546	3042	15504	0	19213	0	0	1
corpus_set/text-large/large.txt	2	0	order1_tok	65536	19329	3042	16287	0	19213	0	0	1
corpus_set/text-large/large.txt	2	0	order1_byte	65536	29969	10	29959	0	19213	0	0	1
corpus_set/text-large/large.txt	2	0	context	65536	20261	3046	17215	0	19213	160724	11627	1
corpus_set/text-large/large.txt	2	1	context	65536	20261	3046	17215	0	19213	156211	10956	1
corpus_set/text-large/large.txt	2	2	context	65536	20261	3046	17215	0	19213	155343	10717	1
corpus_set/text-large/large.txt	3	0	fold	65536	20150	4174	15976	0	20150	0	0	1
corpus_set/text-large/large.txt	3	0	order0	65536	19457	3134	16323	0	20150	0	0	1
corpus_set/text-large/large.txt	3	0	order1_tok	65536	20138	3134	17004	0	20150	0	0	1
corpus_set/text-large/large.txt	3	0	order1_byte	65536	30011	10	30001	0	20150	0	0	1
corpus_set/text-large/large.txt	3	0	context	65536	20911	3138	17773	0	20150	165273	12474	1
corpus_set/text-large/large.txt	3	1	context	65536	20911	3138	17773	0	20150	165450	12591	1
corpus_set/text-large/large.txt	3	2	context	65536	20911	3138	17773	0	20150	166349	13633	1
corpus_set/text-large/large.txt	4	0	fold	65536	19152	3919	15233	0	19152	0	0	1
corpus_set/text-large/large.txt	4	0	order0	65536	18503	2930	15573	0	19152	0	0	1
corpus_set/text-large/large.txt	4	0	order1_tok	65536	19270	2930	16340	0	19152	0	0	1
corpus_set/text-large/large.txt	4	0	order1_byte	65536	29996	10	29986	0	19152	0	0	1
corpus_set/text-large/large.txt	4	0	context	65536	20359	2934	17425	0	19152	156914	16832	1
corpus_set/text-large/large.txt	4	1	context	65536	20359	2934	17425	0	19152	154613	11915	1
corpus_set/text-large/large.txt	4	2	context	65536	20359	2934	17425	0	19152	154019	9814	1
corpus_set/text-large/large.txt	5	0	fold	65536	19213	3959	15254	0	19213	0	0	1
corpus_set/text-large/large.txt	5	0	order0	65536	18560	2962	15598	0	19213	0	0	1
corpus_set/text-large/large.txt	5	0	order1_tok	65536	19322	2962	16360	0	19213	0	0	1
corpus_set/text-large/large.txt	5	0	order1_byte	65536	29998	10	29988	0	19213	0	0	1
corpus_set/text-large/large.txt	5	0	context	65536	20322	2966	17356	0	19213	151380	9784	1
corpus_set/text-large/large.txt	5	1	context	65536	20322	2966	17356	0	19213	153359	9418	1
corpus_set/text-large/large.txt	5	2	context	65536	20322	2966	17356	0	19213	152044	10053	1
corpus_set/text-large/large.txt	6	0	fold	65536	19596	4004	15592	0	19596	0	0	1
corpus_set/text-large/large.txt	6	0	order0	65536	18935	2998	15937	0	19596	0	0	1
corpus_set/text-large/large.txt	6	0	order1_tok	65536	19660	2998	16662	0	19596	0	0	1
corpus_set/text-large/large.txt	6	0	order1_byte	65536	30045	10	30035	0	19596	0	0	1
corpus_set/text-large/large.txt	6	0	context	65536	20625	3002	17623	0	19596	156978	11924	1
corpus_set/text-large/large.txt	6	1	context	65536	20625	3002	17623	0	19596	155096	10394	1
corpus_set/text-large/large.txt	6	2	context	65536	20625	3002	17623	0	19596	158901	10615	1
corpus_set/text-large/large.txt	7	0	fold	65536	19238	3979	15259	0	19238	0	0	1
corpus_set/text-large/large.txt	7	0	order0	65536	18577	2978	15599	0	19238	0	0	1
corpus_set/text-large/large.txt	7	0	order1_tok	65536	19356	2978	16378	0	19238	0	0	1
corpus_set/text-large/large.txt	7	0	order1_byte	65536	30016	10	30006	0	19238	0	0	1
corpus_set/text-large/large.txt	7	0	context	65536	20392	2982	17410	0	19238	152333	10119	1
corpus_set/text-large/large.txt	7	1	context	65536	20392	2982	17410	0	19238	154940	10549	1
corpus_set/text-large/large.txt	7	2	context	65536	20392	2982	17410	0	19238	155425	10635	1
corpus_set/text-large/large.txt	8	0	fold	65536	19450	4024	15426	0	19450	0	0	1
corpus_set/text-large/large.txt	8	0	order0	65536	18785	3014	15771	0	19450	0	0	1
corpus_set/text-large/large.txt	8	0	order1_tok	65536	19529	3014	16515	0	19450	0	0	1
corpus_set/text-large/large.txt	8	0	order1_byte	65536	30049	10	30039	0	19450	0	0	1
corpus_set/text-large/large.txt	8	0	context	65536	20378	3018	17360	0	19450	162791	11395	1
corpus_set/text-large/large.txt	8	1	context	65536	20378	3018	17360	0	19450	161050	11006	1
corpus_set/text-large/large.txt	8	2	context	65536	20378	3018	17360	0	19450	163324	11221	1
corpus_set/text-large/large.txt	9	0	fold	65536	19526	4509	15017	0	19526	0	0	1
corpus_set/text-large/large.txt	9	0	order0	65536	18798	3402	15396	0	19526	0	0	1
corpus_set/text-large/large.txt	9	0	order1_tok	65536	19662	3402	16260	0	19526	0	0	1
corpus_set/text-large/large.txt	9	0	order1_byte	65536	29916	10	29906	0	19526	0	0	1
corpus_set/text-large/large.txt	9	0	context	65536	20734	3406	17328	0	19526	170636	13257	1
corpus_set/text-large/large.txt	9	1	context	65536	20734	3406	17328	0	19526	172965	13577	1
corpus_set/text-large/large.txt	9	2	context	65536	20734	3406	17328	0	19526	170576	13419	1
corpus_set/text-large/large.txt	10	0	fold	65536	19400	4019	15381	0	19400	0	0	1
corpus_set/text-large/large.txt	10	0	order0	65536	18735	3010	15725	0	19400	0	0	1
corpus_set/text-large/large.txt	10	0	order1_tok	65536	19500	3010	16490	0	19400	0	0	1
corpus_set/text-large/large.txt	10	0	order1_byte	65536	29951	10	29941	0	19400	0	0	1
corpus_set/text-large/large.txt	10	0	context	65536	20454	3014	17440	0	19400	161240	11546	1
corpus_set/text-large/large.txt	10	1	context	65536	20454	3014	17440	0	19400	158618	11258	1
corpus_set/text-large/large.txt	10	2	context	65536	20454	3014	17440	0	19400	160981	11535	1
corpus_set/text-large/large.txt	11	0	fold	65536	19249	3974	15275	0	19249	0	0	1
corpus_set/text-large/large.txt	11	0	order0	65536	18597	2974	15623	0	19249	0	0	1
corpus_set/text-large/large.txt	11	0	order1_tok	65536	19360	2974	16386	0	19249	0	0	1
corpus_set/text-large/large.txt	11	0	order1_byte	65536	30011	10	30001	0	19249	0	0	1
corpus_set/text-large/large.txt	11	0	context	65536	20352	2978	17374	0	19249	158865	10924	1
corpus_set/text-large/large.txt	11	1	context	65536	20352	2978	17374	0	19249	161303	10910	1
corpus_set/text-large/large.txt	11	2	context	65536	20352	2978	17374	0	19249	158790	10700	1
corpus_set/text-large/large.txt	12	0	fold	65536	20266	4179	16087	0	20266	0	0	1
corpus_set/text-large/large.txt	12	0	order0	65536	19575	3138	16437	0	20266	0	0	1
corpus_set/text-large/large.txt	12	0	order1_tok	65536	20259	3138	17121	0	20266	0	0	1
corpus_set/text-large/large.txt	12	0	order1_byte	65536	30008	10	29998	0	20266	0	0	1
corpus_set/text-large/large.txt	12	0	context	65536	21115	3142	17973	0	20266	168974	13010	1
corpus_set/text-large/large.txt	12	1	context	65536	21115	3142	17973	0	20266	171031	13095	1
corpus_set/text-large/large.txt	12	2	context	65536	21115	3142	17973	0	20266	174076	12752	1
corpus_set/text-large/large.txt	13	0	fold	65536	19412	3899	15513	0	19412	0	0	1
corpus_set/text-large/large.txt	13	0	order0	65536	18771	2914	15857	0	19412	0	0	1
corpus_set/text-large/large.txt	13	0	order1_tok	65536	19506	2914	16592	0	19412	0	0	1
corpus_set/text-large/large.txt	13	0	order1_byte	65536	30064	10	30054	0	19412	0	0	1
corpus_set/text-large/large.txt	13	0	context	65536	20441	2918	17523	0	19412	156788	10740	1
corpus_set/text-large/large.txt	13	1	context	65536	20441	2918	17523	0	19412	157447	10543	1
corpus_set/text-large/large.txt	13	2	context	65536	20441	2918	17523	0	19412	158172	10703	1
corpus_set/text-large/large.txt	14	0	fold	65536	20874	4224	16650	0	20874	0	0	1
corpus_set/text-large/large.txt	14	0	order0	65536	20188	3174	17014	0	20874	0	0	1
corpus_set/text-large/large.txt	14	0	order1_tok	65536	20797	3174	17623	0	20874	0	0	1
corpus_set/text-large/large.txt	14	0	order1_byte	65536	29975	10	29965	0	20874	0	0	1
corpus_set/text-large/large.txt	14	0	context	65536	21189	3178	18011	0	20874	177685	14079	1
corpus_set/text-large/large.txt	14	1	context	65536	21189	3178	18011	0	20874	180346	20580	1
corpus_set/text-large/large.txt	14	2	context	65536	21189	3178	18011	0	20874	180179	12928	1
corpus_set/text-large/large.txt	15	0	fold	65536	19729	4154	15575	0	19729	0	0	1
corpus_set/text-large/large.txt	15	0	order0	65536	19045	3118	15927	0	19729	0	0	1
corpus_set/text-large/large.txt	15	0	order1_tok	65536	19779	3118	16661	0	19729	0	0	1
corpus_set/text-large/large.txt	15	0	order1_byte	65536	30006	10	29996	0	19729	0	0	1
corpus_set/text-large/large.txt	15	0	context	65536	20612	3122	17490	0	19729	165706	12927	1
corpus_set/text-large/large.txt	15	1	context	65536	20612	3122	17490	0	19729	167999	13251	1
corpus_set/text-large/large.txt	15	2	context	65536	20612	3122	17490	0	19729	165113	13362	1
corpus_set/text-large/large.txt	16	0	fold	65536	19266	3879	15387	0	19266	0	0	1
corpus_set/text-large/large.txt	16	0	order0	65536	18625	2898	15727	0	19266	0	0	1
corpus_set/text-large/large.txt	16	0	order1_tok	65536	19379	2898	16481	0	19266	0	0	1
corpus_set/text-large/large.txt	16	0	order1_byte	65536	29960	10	29950	0	19266	0	0	1
corpus_set/text-large/large.txt	16	0	context	65536	20381	2902	17479	0	19266	156319	11164	1
corpus_set/text-large/large.txt	16	1	context	65536	20381	2902	17479	0	19266	157472	10696	1
corpus_set/text-large/large.txt	16	2	context	65536	20381	2902	17479	0	19266	157176	10865	1
corpus_set/text-large/large.txt	17	0	fold	65536	19277	3964	15313	0	19277	0	0	1
corpus_set/text-large/large.txt	17	0	order0	65536	18623	2966	15657	0	19277	0	0	1
corpus_set/text-large/large.txt	17	0	order1_tok	65536	19395	2966	16429	0	19277	0	0	1
corpus_set/text-large/large.txt	17	0	order1_byte	65536	29980	10	29970	0	19277	0	0	1
corpus_set/text-large/large.txt	17	0	context	65536	20385	2970	17415	0	19277	156084	10949	1
corpus_set/text-large/large.txt	17	1	context	65536	20385	2970	17415	0	19277	158383	11198	1
corpus_set/text-large/large.txt	17	2	context	65536	20385	2970	17415	0	19277	158347	11143	1
corpus_set/text-large/large.txt	18	0	fold	65536	19269	3969	15300	0	19269	0	0	1
corpus_set/text-large/large.txt	18	0	order0	65536	18615	2970	15645	0	19269	0	0	1
corpus_set/text-large/large.txt	18	0	order1_tok	65536	19363	2970	16393	0	19269	0	0	1
corpus_set/text-large/large.txt	18	0	order1_byte	65536	30042	10	30032	0	19269	0	0	1
corpus_set/text-large/large.txt	18	0	context	65536	20335	2974	17361	0	19269	156243	11008	1
corpus_set/text-large/large.txt	18	1	context	65536	20335	2974	17361	0	19269	157784	10972	1
corpus_set/text-large/large.txt	18	2	context	65536	20335	2974	17361	0	19269	160684	11544	1
corpus_set/text-large/large.txt	19	0	fold	65536	19955	4079	15876	0	19955	0	0	1
corpus_set/text-large/large.txt	19	0	order0	65536	19282	3058	16224	0	19955	0	0	1
corpus_set/text-large/large.txt	19	0	order1_tok	65536	19978	3058	16920	0	19955	0	0	1
corpus_set/text-large/large.txt	19	0	order1_byte	65536	29992	10	29982	0	19955	0	0	1
corpus_set/text-large/large.txt	19	0	context	65536	20840	3062	17778	0	19955	162665	10169	1
corpus_set/text-large/large.txt	19	1	context	65536	20840	3062	17778	0	19955	156491	10436	1
corpus_set/text-large/large.txt	19	2	context	65536	20840	3062	17778	0	19955	155961	11031	1
corpus_set/text-large/large.txt	20	0	fold	65209	20409	4689	15720	0	20409	0	0	1
corpus_set/text-large/large.txt	20	0	order0	65209	19638	3546	16092	0	20409	0	0	1
corpus_set/text-large/large.txt	20	0	order1_tok	65209	20353	3546	16807	0	20409	0	0	1
corpus_set/text-large/large.txt	20	0	order1_byte	65209	29927	10	29917	0	20409	0	0	1
corpus_set/text-large/large.txt	20	0	context	65209	21165	3550	17615	0	20409	177969	12620	1
corpus_set/text-large/large.txt	20	1	context	65209	21165	3550	17615	0	20409	179404	20394	1
corpus_set/text-large/large.txt	20	2	context	65209	21165	3550	17615	0	20409	174340	12586	1
corpus_set/tiny/one.bin	0	0	fold	1	275	274	1	0	275	0	0	1
corpus_set/tiny/one.bin	0	0	order0	1	20	14	6	0	275	0	0	1
corpus_set/tiny/one.bin	0	0	order1_tok	1	20	14	6	0	275	0	0	1
corpus_set/tiny/one.bin	0	0	order1_byte	1	16	10	6	0	275	0	0	1
corpus_set/tiny/one.bin	0	0	context	1	24	18	6	0	275	647	601	1
corpus_set/tiny/one.bin	0	1	context	1	24	18	6	0	275	595	599	1
corpus_set/tiny/one.bin	0	2	context	1	24	18	6	0	275	593	598	1
src/aahl.rs	0	0	fold	51700	18239	5394	12845	0	18239	0	0	1
src/aahl.rs	0	0	order0	51700	17321	4110	13211	0	18239	0	0	1
src/aahl.rs	0	0	order1_tok	51700	17599	4110	13489	0	18239	0	0	1
src/aahl.rs	0	0	order1_byte	51700	25757	10	25747	0	18239	0	0	1
src/aahl.rs	0	0	context	51700	17863	4114	13749	0	18239	142859	14944	1
src/aahl.rs	0	1	context	51700	17863	4114	13749	0	18239	143105	13892	1
src/aahl.rs	0	2	context	51700	17863	4114	13749	0	18239	141755	13277	1
src/ablation.rs	0	0	fold	13565	6542	2594	3948	0	6542	0	0	1
src/ablation.rs	0	0	order0	13565	6014	1870	4144	0	6542	0	0	1
src/ablation.rs	0	0	order1_tok	13565	6194	1870	4324	0	6542	0	0	1
src/ablation.rs	0	0	order1_byte	13565	7936	10	7926	0	6542	0	0	1
src/ablation.rs	0	0	context	13565	6253	1874	4379	0	6542	19717	4644	1
src/ablation.rs	0	1	context	13565	6253	1874	4379	0	6542	20267	5278	1
src/ablation.rs	0	2	context	13565	6253	1874	4379	0	6542	20062	5375	1
src/ansbench.rs	0	0	fold	18823	8041	3184	4857	0	8041	0	0	1
src/ansbench.rs	0	0	order0	18823	7428	2342	5086	0	8041	0	0	1
src/ansbench.rs	0	0	order1_tok	18823	7558	2342	5216	0	8041	0	0	1
src/ansbench.rs	0	0	order1_byte	18823	10083	10	10073	0	8041	0	0	1
src/ansbench.rs	0	0	context	18823	7637	2346	5291	0	8041	32319	6547	1
src/ansbench.rs	0	1	context	18823	7637	2346	5291	0	8041	33239	6685	1
src/ansbench.rs	0	2	context	18823	7637	2346	5291	0	8041	34623	7058	1
src/arith.rs	0	0	fold	48104	16774	5394	11380	0	16774	0	0	1
src/arith.rs	0	0	order0	48104	15851	4110	11741	0	16774	0	0	1
src/arith.rs	0	0	order1_tok	48104	16139	4110	12029	0	16774	0	0	1
src/arith.rs	0	0	order1_byte	48104	23946	10	23936	0	16774	0	0	1
src/arith.rs	0	0	context	48104	16383	4114	12269	0	16774	135847	15907	1
src/arith.rs	0	1	context	48104	16383	4114	12269	0	16774	136929	14557	1
src/arith.rs	0	2	context	48104	16383	4114	12269	0	16774	136898	17464	1
src/bench.rs	0	0	fold	24294	9496	4479	5017	0	9496	0	0	1
src/bench.rs	0	0	order0	24294	8668	3378	5290	0	9496	0	0	1
src/bench.rs	0	0	order1_tok	24294	8804	3378	5426	0	9496	0	0	1
src/bench.rs	0	0	order1_byte	24294	12259	10	12249	0	9496	0	0	1
src/bench.rs	0	0	context	24294	8862	3382	5480	0	9496	53703	10569	1
src/bench.rs	0	1	context	24294	8862	3382	5480	0	9496	54379	10380	1
src/bench.rs	0	2	context	24294	8862	3382	5480	0	9496	54006	9550	1
src/binning.rs	0	0	fold	4285	2717	1294	1423	0	2717	0	0	1
src/binning.rs	0	0	order0	4285	2373	830	1543	0	2717	0	0	1
src/binning.rs	0	0	order1_tok	4285	2468	830	1638	0	2717	0	0	1
src/binning.rs	0	0	order1_byte	4285	2809	10	2799	0	2717	0	0	1
src/binning.rs	0	0	context	4285	2494	834	1660	0	2717	4462	2199	1
src/binning.rs	0	1	context	4285	2494	834	1660	0	2717	4494	2113	1
src/binning.rs	0	2	context	4285	2494	834	1660	0	2717	4548	2081	1
src/context.rs	0	0	fold	12131	5385	2469	2916	0	5385	0	0	1
src/context.rs	0	0	order0	12131	4867	1770	3097	0	5385	0	0	1
src/context.rs	0	0	order1_tok	12131	4962	1770	3192	0	5385	0	0	1
src/context.rs	0	0	order1_byte	12131	6990	10	6980	0	5385	0	0	1
src/context.rs	0	0	context	12131	5000	1774	3226	0	5385	15905	4230	1
src/context.rs	0	1	context	12131	5000	1774	3226	0	5385	16510	4251	1
src/context.rs	0	2	context	12131	5000	1774	3226	0	5385	15817	4083	1
src/contextbench.rs	0	0	fold	11224	4957	2494	2463	0	4957	0	0	1
src/contextbench.rs	0	0	order0	11224	4427	1790	2637	0	4957	0	0	1
src/contextbench.rs	0	0	order1_tok	11224	4523	1790	2733	0	4957	0	0	1
src/contextbench.rs	0	0	order1_byte	11224	6242	10	6232	0	4957	0	0	1
src/contextbench.rs	0	0	context	11224	4559	1794	2765	0	4957	15506	4355	1
src/contextbench.rs	0	1	context	11224	4559	1794	2765	0	4957	14695	4181	1
src/contextbench.rs	0	2	context	11224	4559	1794	2765	0	4957	14650	4079	1
src/corpus.rs	0	0	fold	20434	9260	3944	5316	0	9260	0	0	1
src/corpus.rs	0	0	order0	20434	8516	2950	5566	0	9260	0	0	1
src/corpus.rs	0	0	order1_tok	20434	8699	2950	5749	0	9260	0	0	1
src/corpus.rs	0	0	order1_byte	20434	10973	10	10963	0	9260	0	0	1
src/corpus.rs	0	0	context	20434	8791	2954	5837	0	9260	39943	7357	1
src/corpus.rs	0	1	context	20434	8791	2954	5837	0	9260	40048	7224	1
src/corpus.rs	0	2	context	20434	8791	2954	5837	0	9260	39959	7331	1
src/dict.rs	0	0	fold	18127	8754	3419	5335	0	8754	0	0	1
src/dict.rs	0	0	order0	18127	8106	2530	5576	0	8754	0	0	1
src/dict.rs	0	0	order1_tok	18127	8295	2530	5765	0	8754	0	0	1
src/dict.rs	0	0	order1_byte	18127	10565	10	10555	0	8754	0	0	1
src/dict.rs	0	0	context	18127	8409	2534	5875	0	8754	34018	6709	1
src/dict.rs	0	1	context	18127	8409	2534	5875	0	8754	33818	6709	1
src/dict.rs	0	2	context	18127	8409	2534	5875	0	8754	35163	6742	1
src/dictbench.rs	0	0	fold	12784	6406	2944	3462	0	6406	0	0	1
src/dictbench.rs	0	0	order0	12784	5810	2150	3660	0	6406	0	0	1
src/dictbench.rs	0	0	order1_tok	12784	5939	2150	3789	0	6406	0	0	1
src/dictbench.rs	0	0	order1_byte	12784	7575	10	7565	0	6406	0	0	1
src/dictbench.rs	0	0	context	12784	5988	2154	3834	0	6406	20387	5231	1
src/dictbench.rs	0	1	context	12784	5988	2154	3834	0	6406	20755	5334	1
src/dictbench.rs	0	2	context	12784	5988	2154	3834	0	6406	20316	6373	1
src/grammar.rs	0	0	fold	63302	21844	5394	16450	0	21844	0	0	1
src/grammar.rs	0	0	order0	63302	20946	4110	16836	0	21844	0	0	1
src/grammar.rs	0	0	order1_tok	63302	21216	4110	17106	0	21844	0	0	1
src/grammar.rs	0	0	order1_byte	63302	30783	10	30773	0	21844	0	0	1
src/grammar.rs	0	0	context	63302	21564	4114	17450	0	21844	191995	16546	1
src/grammar.rs	0	1	context	63302	21564	4114	17450	0	21844	191993	17050	1
src/grammar.rs	0	2	context	63302	21564	4114	17450	0	21844	192374	17859	1
src/main.rs	0	0	fold	65536	23474	5394	18080	0	23474	0	0	1
src/main.rs	0	0	order0	65536	22580	4110	18470	0	23474	0	0	1
src/main.rs	0	0	order1_tok	65536	22740	4110	18630	0	23474	0	0	1
src/main.rs	0	0	order1_byte	65536	32578	10	32568	0	23474	0	0	1
src/main.rs	0	0	context	65536	23089	4114	18975	0	23474	196980	17336	1
src/main.rs	0	1	context	65536	23089	4114	18975	0	23474	195451	16537	1
src/main.rs	0	2	context	65536	23089	4114	18975	0	23474	196404	17510	1
src/main.rs	1	0	fold	53787	17332	5394	11938	0	17332	0	0	1
src/main.rs	1	0	order0	53787	16414	4110	12304	0	17332	0	0	1
src/main.rs	1	0	order1_tok	53787	16674	4110	12564	0	17332	0	0	1
src/main.rs	1	0	order1_byte	53787	25122	10	25112	0	17332	0	0	1
src/main.rs	1	0	context	53787	16918	4114	12804	0	17332	144674	14943	1
src/main.rs	1	1	context	53787	16918	4114	12804	0	17332	143302	14558	1
src/main.rs	1	2	context	53787	16918	4114	12804	0	17332	143115	16227	1
src/spectral.rs	0	0	fold	6705	3746	1639	2107	0	3746	0	0	1
src/spectral.rs	0	0	order0	6705	3353	1106	2247	0	3746	0	0	1
src/spectral.rs	0	0	order1_tok	6705	3480	1106	2374	0	3746	0	0	1
src/spectral.rs	0	0	order1_byte	6705	4110	10	4100	0	3746	0	0	1
src/spectral.rs	0	0	context	6705	3510	1110	2400	0	3746	9771	3682	1
src/spectral.rs	0	1	context	6705	3510	1110	2400	0	3746	8592	3307	1
src/spectral.rs	0	2	context	6705	3510	1110	2400	0	3746	8450	3339	1
src/table.rs	0	0	fold	41724	16738	5394	11344	0	16738	0	0	1
src/table.rs	0	0	order0	41724	15813	4110	11703	0	16738	0	0	1
src/table.rs	0	0	order1_tok	41724	16109	4110	11999	0	16738	0	0	1
src/table.rs	0	0	order1_byte	41724	21623	10	21613	0	16738	0	0	1
src/table.rs	0	0	context	41724	16355	4114	12241	0	16738	118090	15472	1
src/table.rs	0	1	context	41724	16355	4114	12241	0	16738	117425	14944	1
src/table.rs	0	2	context	41724	16355	4114	12241	0	16738	121313	27626	1
src/tans.rs	0	0	fold	32293	13821	5394	8427	0	13821	0	0	1
src/tans.rs	0	0	order0	32293	12872	4110	8762	0	13821	0	0	1
src/tans.rs	0	0	order1_tok	32293	13165	4110	9055	0	13821	0	0	1
src/tans.rs	0	0	order1_byte	32293	17188	10	17178	0	13821	0	0	1
src/tans.rs	0	0	context	32293	13323	4114	9209	0	13821	91892	13853	1
src/tans.rs	0	1	context	32293	13323	4114	9209	0	13821	92017	13669	1
src/tans.rs	0	2	context	32293	13323	4114	9209	0	13821	92333	13481	1
